", some use 441–443 Hz.",", einige Verwendung 441–443 Hz.",
<p><a href='{0}'>View your Intake record</a></p>,<p>> Zeigen Sie Ihren Aufnahmerekord ≤/a> ≤/p>,
<p>Great news! Your instrument has passed final checks and is ready for collection or shipment.</p>,<p>Great news! Ihr Instrument hat die endgültigen Kontrollen bestanden und ist bereit für die Sammlung oder Sendung.</p>,
"<p>Hi {0},</p>","<= <= <= <================================================================================================================================================================================================================= Hi {0},</p>",
<p>Thank you for choosing Artisan Clarinets!</p>,<= <= <= <================================================================================================================================================================================================================= Vielen Dank für die Auswahl von Artisan Clarinets!</p>,
<p>We’ve logged your instrument into our system. You can track progress at any time using the link below.</p>,<= <= <= <================================================================================================================================================================================================================= Wir haben Ihr Instrument in unser System eingeloggt. Sie können den Fortschritt jederzeit mit dem untenstehenden Link verfolgen.</p>,
<p>Your instrument’s status has been updated to <strong>{0}</strong>.</p>,<p> Ihr Status des Instruments wurde auf <strong>{0}</strong>.</p> aktualisiert,
A,A,
A Clarinet,Ein Klarinette,
A serial record with the same value already exists without an Instrument: {0},Ein Serienrekord mit dem gleichen Wert existiert bereits ohne Instrument: 0),
A system error has occurred. Technical support has been notified. Please try again later.,Es ist ein Systemfehler aufgetreten. Technische Unterstützung wurde mitgeteilt. Bitte versuchen Sie es später noch einmal.,
A4 reference (number),A4 Referenz (Anzahl),
A4 reference (slider),A4 Referenz (Slider),
API,API,
About,Über,
Acceptance Source,Akzeptanz Quelle,
Acceptance Status,Zulassungsstatus,
Accepted,Akzeptiert,
Accepted By,Angenommen von,
Accepted On,Angenommen,
Accessories & Included Parts,Zubehör & Inklusive Teile,
Accessory,Zugang,
Accessory ID,Zubehör-ID,
Accessory description cannot be empty.,Die Beschreibung kann nicht leer sein.,
Acquired Date,Erworbenes Datum,
Acquisition Cost,Anschaffungskosten,
Acquisition Source,Erwerb Quelle,
Acquisition Type,Akquisitionsart,
Action,Aktion,
Action By,Aktion von,
Actions,Maßnahmen,
Activate,Aktivieren,
Active,Aktiv,
Actual Cost,Ist-Kosten,
Actual End,Aktuelles Ende,
Actual End Date,Ist-Enddatum,
Actual End Date cannot be before Actual Start Date.,Das tatsächliche Enddatum kann nicht vor dem tatsächlichen Startdatum liegen.,
Actual Hours,Aktuelle Stunden,
Actual Materials Cost,Tatsächliche Materialkosten,
Actual Start,Aktueller Start,
Actual Start Date,Ist-Startdatum,
Actual date when setup work started.,"Aktuelles Datum, wenn die Einrichtungsarbeit begann.",
Actual date when setup work was completed.,"Datum, an dem die Einrichtung abgeschlossen wurde.",
Actual materials cost incurred for this setup project.,Tatsächliche Materialkosten für dieses Setup-Projekt.,
Actual total cost incurred for this setup project.,Tatsächliche Gesamtkosten für dieses Setup-Projekt.,
"Advanced: tweak only if counts are off. For most cases, leave defaults or use Auto Pixel Radius from mm below.","Fortgeschritten: nur, wenn Zählungen aus sind. In den meisten Fällen verlassen Sie die Standardeinstellungen oder verwenden Sie Auto Pixel Radius von mm unten.",
Affiliation / Organization,Zugehörigkeit / Organisation,
All,Alle,
All instrument details live on Instrument,Alle Instrumentendetails live auf Instrument,
Allow Anonymized Sharing,Erlauben Anonymisierung,
Amended From,Berichtigung von,
Amount,Betrag,
An Instrument Inspection already exists for this serial: {0},Für diese Serie existiert bereits eine Instrumenteninspektion: 0),
An error occurred during automated record creation. Please check system logs or contact an administrator.,Bei der automatisierten Datenerfassung kam es zu einem Fehler. Bitte überprüfen Sie Systemprotokolle oder kontaktieren Sie einen Administrator.,
An error occurred while processing your request. Please contact support if this persists.,"Ein Fehler trat bei der Bearbeitung Ihrer Anfrage auf. Bitte kontaktieren Sie die Unterstützung, wenn dies anhält.",
Analysis complete,Analyse komplett,
Analyzing…,Analyse...,
Analyzing… (unstable pitch),Analyse... (unstabile Tonhöhe),
Another unlinked serial record exists with the same serial number: {0},Ein weiterer unverlinkter Serienrekord existiert mit der gleichen Seriennummer: 0),
Applies exponential smoothing to pitch to stabilize the needle.,"Gilt für eine exponentielle Glättung, um die Nadel zu stabilisieren.",
Approve & Complete,Zulassung und Vollständigkeit,
Approved At,Zugelassen bei,
Approved Count,Genehmigter Zähler,
Apps,Apps,
ArUco Dictionary,ArUco Wörterbuch,
Archive,Archivieren,
Archived,Archiviert,
As stamped/engraved/printed on the instrument,Als gestempelt/graviert/gedruckt auf dem Instrument,
Assigned Technician,Zugeteilter Techniker,
Assigned To,Zugewiesen zu,
Associated pad map record for reference while performing the setup.,Assoziierte Pad Map-Record für Referenz während der Durchführung des Setups.,
At,Am,
Attachments,Anhänge,
Attack,Angriff,
Attack (ms),Angriff (ms),
Audio/Video Demos,Audio/Video Demos,
Auto Pixel Radius From mm,Auto Pixel Radius von mm,
Auto count from image processing. Always verify against the Processed Preview before approving.,Autozählung aus der Bildverarbeitung. Überprüfen Sie immer gegen die bearbeitete Vorschau vor der Genehmigung.,
Auto quality gate. Unchecked means blur/lighting/perspective are sub‑optimal—consider retaking the photo.,Auto-Qualitätstor. Unkontrolliert bedeutet Unschärfe/Beleuchtung/Perspektive sind suboptimal – überlegen Sie das Foto erneut.,
Auto-create Clarinet Initial Setup,Automatische Clarinet Initial Setup,
Auto-created Pad Map: {0},Automatische Padkarte: 0),
Auto-populate Failed,Autopopulat enthüllt,
Auto-populate runs only when both pad tables are empty and the category is recognized (Soprano or Bass).,"Auto-Populat läuft nur, wenn beide Polstertische leer sind und die Kategorie erkannt wird (Soprano oder Bass).",
Auto-synced from Instrument.current_status,Autosynchronisiert von Instrument.current_status,
Auto-synced from Instrument.instrument_type or clarinet_type,Autosynchron vom Instrument.instrument_type oder clarinet_type,
Autocorrelation (Cents),Autokorrelation (Cents),
Automatically generated unique Instrument ID,Automatische generierte einzigartige Instrumenten-ID,
Automatically generated unique Instrument Profile ID,Automatische generierte einzigartige Instrumentenprofil-ID,
Automation & Behavior,Automatisierung und Verhalten,
Auto‑generated overlay showing detected pads. Review the green circles to confirm the count before approval.,"Autogenerierte Overlay zeigt entdeckte Pads. Überprüfen Sie die grünen Kreise, um die Zählung vor der Genehmigung zu bestätigen.",
Available,Verfügbar,
Average tuning offset and its short-term variability,Durchschnittliche Abstimmversetzung und kurzfristige Variabilität,
Awaiting Payment,Vorauszahlung,
Axis,Achse,
Barcode / QR,Barcode / QR,
Barcode Scan Entry,Barcode Scan Entry,
Barrel,Barrel,
Basic Information,Grundinformationen,
Bass Clarinet (B♭),Bass Clarinet (B-Dur),
Benchmark / Target,Benchmark / Ziel,
Body Material,Körpermaterial,
Bore Inspection Notes,Bore Inspection Notes,
Bore Measurement (mm),Bohrungsmessung (mm),
Bore Style,Lange Zeit,
Bore Type / Size,Bortyp / Größe,
Bore Visual Condition,Bor-visueller Zustand,
Bore Ø (mm),Bohrung Ø (mm),
Both,Beide,
Bottom Joint Pads,Untere Gelenk Pads,
Brand,Marke,
Brand Mapping Rules,Marken Mapping Regeln,
Brand Model • Serial,Marke Modell • Serial,
Buying Price List,Kauf Preisliste,
By,von,
B♭,B.,
B♭ Clarinet,B-Dur Clarinet,
C,C,
CRM,CRM,
Calibrated By,kalibriert von,
Calibration Date,Datum der Kalibrierung,
Canceled,Abgebrochen,
Canceling a blocked operation is prohibited.,Eine Sperrung ist verboten.,
Cancelled,Abgesagt,
"Cannot submit. The following items are incomplete:
{0}","Kann nicht einreichen. Die folgenden Punkte sind unvollständig:
0)",
Canny high threshold for Hough pre‑processing. Raise to reduce noise; lower to detect faint edges.,"Canny hohe Schwelle für Hough Vorverarbeitung. Erhöht, um Lärm zu reduzieren; niedriger, um schwache Kanten zu erkennen.",
Capture,Erfassen,
Category,Kategorie,
Category Name,Kategoriename,
Cents Timeline,Cents Timeline,
Certificate created but no file URL returned.,"Zertifikat erstellt, aber keine Datei URL zurückgegeben.",
Certificate generated.,Zertifikat generiert.,
Check,Prüfen,
Check if all items pass QA and no critical issues remain.,"Überprüfen Sie, ob alle Elemente QA passieren und keine kritischen Probleme bleiben.",
Check if this tool requires periodic calibration.,"Prüfen Sie, ob dieses Werkzeug eine periodische Kalibrierung erfordert.",
Checklist,Checkliste,
Checklist Item,Checklist Artikel,
Checklist Items,Checklist Artikel,
"Checklist rows to pre-populate into Clarinet Initial Setup → Checklist (e.g., safety check, leak test).","Checklistenzeilen, um in Clarinet Initial Setup → Checkliste (z.B. Sicherheitsprüfung, Lecktest) vorzubevölkern.",
Child table storing predecessor tasks (dependencies) for a Clarinet Setup Task. Each row links to another task that must be Completed before the current task can proceed.,"Kindertisch, der Vorgängeraufgaben (Abhängigkeiten) für eine Clarinet Setup Task speichert. Jede Zeile verknüpft eine andere Aufgabe, die abgeschlossen werden muss, bevor die aktuelle Aufgabe fortfahren kann.",
Child table storing template-level task dependencies. Each row references another template task by sequence number that must be completed before the current template task can proceed.,"Kindertisch Speichervorlage-Ebene Aufgabenabhängigkeiten. Jede Zeile verweist auf eine weitere Vorlagenaufgabe nach Sequenznummer, die abgeschlossen werden muss, bevor die aktuelle Vorlagenaufgabe fortfahren kann.",
Child table that defines task templates within a Setup Template. Each row generates a real Clarinet Setup Task with expected schedule and priority when applied to a Clarinet Initial Setup.,"Kindertabelle, die Taskvorlagen innerhalb einer Setup-Vorlage definiert. Jede Zeile erzeugt eine echte Clarinet Setup Task mit erwartetem Zeitplan und Priorität, wenn sie auf eine Clarinet Initial Setup angewendet wird.",
"Child table used to record materials consumed during clarinet setup/repair. Each row captures item, quantity, unit, rate, and extended amount for costing and documentation.","Kindertisch verwendet, um Materialien, die während Klarinetten-Setup/Reparatur verbraucht. Jede Zeile erfasst Artikel, Menge, Einheit, Rate und erweiterte Menge für Kosten und Dokumentation.",
"Choose classic needle, moving strobe bars, or both.","Wählen Sie klassische Nadel, bewegte Strobe Bars, oder beide.",
"Choose how stock should be adjusted: Increase (Material Receipt), Decrease (Material Issue), or No Change (for review only).","Wählen Sie, wie die Aktie angepasst werden soll: Erhöhen (Material Receipt), Verringern (Materialausgabe), oder keine Änderung (nur zur Überprüfung).",
"Choose your input device. For best results, disable OS-level noise suppression/AGC for this app.","Wählen Sie Ihr Eingabegerät. Für beste Ergebnisse, deaktivieren Sie OS-Level Rauschunterdrückung/AGC für diese App.",
Clarinet Initial Setup,Clarinet Initial Setup,
Clarinet Intake,Clarinet Intake,
Clarinet Intake reference is required.,Clarinet Es ist eine Eingangsreferenz erforderlich.,
Clarinet Model,Klarinette Modell,
Clarinet Pad Map,Landkarte von Clarinet Pad,
Clarinet Setup Log,Clarinet Setup Log,
Clarinet Setup Task,Clarinet Setup Task,
Client,Kunde,
Client Instrument Profile,Kundeninstrument Profil,
Client Repair Preferences,Kundenreparatureinstellungen,
Close,Schließen,
Closed,Geschlossen,
Color,Farbe,
Comment,Kommentar,
Comments,Kommentare,
Communication Preference,Kommunikationspräferenz,
Company,Unternehmen,
Company owning the selected Warehouse. Filled automatically.,Unternehmen besitzen das ausgewählte Warehouse. Gefüllt automatisch.,
Complete,Komplett,
Complete Task,Vollständige Aufgabe,
Completed,Abgeschlossen,
Component,Komponente,
"Component Ref (Tone Hole, Key, etc.)","Komponente Ref (Tone Hole, Schlüssel, etc.)",
Concert,Konzert,
Concert (no transposition),Konzert (keine Umsetzung),
Condition,Bedingung,
Condition & Inspection,Zustand und Inspektion,
Condition / Finding,Zustand / Suchen,
Condition Images,Zustand Bilder,
Condition Logs,Zustandsprotokolle,
Condition Notes,Zustandshinweise,
Conf,Vertrauen,
Consent Content,Inhalt,
Consent Form,Zustimmungsformular,
Consent Given By,Zustimmung von,
Consent Log,Anmelden,
Consent Template,Benutzerkonto,
Consent Timestamp,Eingereichter Zeitstempel,
Consent Type,Zustimmungstyp,
Contact,Kontakt,
Contact Email,Kontakt-E-Mail,
Contact Phone,Kontakt-Telefon,
Controlled Environment Confirmed,Kontrollierte Umwelt bestätigt,
Controls,Kontrolle,
Controls frequency resolution vs. latency/CPU.,Kontrolliert Frequenzauflösung vs. Latenz/CPU.,
Conversion Rate,Wechselkurs,
Copied Task ID to clipboard.,Copied Task-ID zur Zwischenablage.,
Cork Condition,Cork Zustand,
Could not approve count.,Kann nicht gezählt werden.,
Could not derive a normalized serial from input,Eine normalisierte Serie von der Eingabe nicht ableiten,
Could not generate ArUco marker (opencv-contrib required).,Konnte ArUco Marker nicht erzeugen (opencv-contrib erforderlich).,
Could not read the attached image.,Das beigefügte Bild konnte nicht lesen.,
Count Logs,Graf Logs,
Create,Erstellen,
Create Clarinet Setup,Clarinet Setup erstellen,
Create Tasks from Template,Aufgaben von Template erstellen,
Created From,Erstellt von,
Created On,Erstellt am,
Created To,Erstellt an,
Created {0} task(s) from template.,Erstellte {0} Task(s) aus Template.,
Creating Repair Order...,Reparaturauftrag erstellen...,
Creating setup...,Setup erstellen...,
Creating tasks...,Aufgaben schaffen...,
Currency,Währung,
Current Accessories Log,Aktuelles Zubehör Protokoll,
Current Location,Aktueller Standort,
Current Status,Aktueller Status,
Current lifecycle state of the tool. Managed by workflow automation.,Aktueller Lebenszykluszustand des Werkzeuges. Verwaltet durch Workflow Automation.,
Current state of the task within the setup workflow.,Aktueller Zustand der Aufgabe innerhalb des Setup-Workflows.,
Current status of this setup project.,Aktueller Status dieses Setup-Projekts.,
Current workflow state of this service plan. Managed by workflow automation.,Aktueller Workflow-Zustand dieses Serviceplans. Verwaltet durch Workflow Automation.,
Currently Paired,Zur Zeit gepaart,
Custom,Benutzerdefiniert,
Customer,Kunde,
Customer Accepted,Kunden akzeptiert,
Customer Approval,Kundenbewilligung,
Customer Email,Kunden-E-Mail,
Customer Full Name,Vollständiger Name des Kunden,
Customer ID,Kundennummer,
Customer Lifetime Value,Kundenlebenswert,
Customer Name,Kundenname,
Customer Phone,Kundentelefon,
Customer Signature,Unterschrift des Kunden,
Customer Type,Kundentyp,
Customer Upgrade Request,Kundenanfrage,
Customer and pricing fields must be empty for New Inventory inspections.,Kunden- und Preisfelder müssen für neue Inventory-Inspektionen leer sein.,
Customer mismatch with Repair Order {0}.,Kundenmeinungen mit Reparaturauftrag {0}.,
Customer's Stated Issue,Stated Issue des Kunden,
Cycle-to-cycle frequency (%) and amplitude (%) variability; stability proxies,Zyklenfrequenz (%) und Amplitude (%) Variabilität; Stabilitätsproxis,
D,D,
Daily Playing Schedule Explained,Tagesspielplan Erklärt,
Damage Observed,Beobachtete Schäden,
Data,Daten,
Date,Datum,
Date / Time,Datum / Uhrzeit,
Date Given,Datum,
Date Linked,Datum Linked,
Date Reported,Datum gemeldet,
Date and Time of Unboxing,Datum und Uhrzeit der Unboxing,
Date of Record,Datum der Aufnahme,
Date of Return,Datum der Rückkehr,
Date of the most recent calibration.,Datum der letzten Kalibrierung.,
Date when the next calibration is required for compliance.,"Datum, wenn die nächste Kalibrierung für die Einhaltung erforderlich ist.",
Days after the Setup Date that the generated task should start (0 = same day).,"Tage nach dem Setup-Datum, dass die generierte Aufgabe beginnen sollte (0 = gleichen Tag).",
Default,Standard,
Default Inspection Warehouse,Standard Inspection Warehouse,
Default Item Group,Standard-Artikelgruppe,
Default Operations,Default Operationen,
Default Priority,Standardpriorität,
Default Technician,Standardtechnik,
Default Value,Standardwert,
Default priority level for setups created from this template.,Standardprioritätsstufe für aus dieser Vorlage erstellte Setups.,
Default technician for setups using this template.,Standardtechniker für Setups mit dieser Vorlage.,
Defaults,Standardeinstellungen,
"Defines reusable defaults for clarinet setup: operations, checklist items, and a list of template tasks. When applied to a Clarinet Initial Setup, this template can populate operations, checklist, and generate scheduled tasks.","Definiert wiederverwendbare Standardeinstellungen für Klarinetten-Setup: Operationen, Checklist-Elemente und eine Liste von Vorlagenaufgaben. Wenn Sie auf eine Clarinet Initial Setup angewendet werden, kann diese Vorlage Operationen, Checkliste bevölkern und geplante Aufgaben generieren.",
Delayed,Verzögert,
Delivered,Geliefert,
Depends On,Hängt ab von,
Depends on Sequence,Abhängig von der Sequenz,
Deposit Paid,Einzahlbar,
Description,Beschreibung,
Description / Notes,Beschreibung / Noten,
Desk Tuner,Schreibtisch Tuner,
Detailed Notes,Detaillierte Anmerkungen,
"Detailed procedure, acceptance criteria, measurements, or notes.","Detailliertes Verfahren, Akzeptanzkriterien, Messungen oder Anmerkungen.",
Details / Notes,Details / Hinweise,
Detected Count,Gefundene Zählung,
Detected Note,Bestimmte Anmerkung,
Detections Meta,Nachweise Meta,
Diagnostic Metrics,Diagnostische Metriken,
Dictionary used to generate/recognize the marker. Use the same value as printed in your Shooting Kit PDF.,"Wörterbuch verwendet, um den Marker zu generieren / zu erkennen. Verwenden Sie den gleichen Wert wie in Ihrem Shooting Kit PDF gedruckt.",
Discount (%),Rabatt (%),
Discount (%) must be between 0 and 100.,Der Rabatt (%) muss zwischen 0 und 100 liegen.,
Discount Amount,Rabattbetrag,
Discount Type,Rabattart,
Discount cannot exceed Subtotal.,Rabatt kann Subtotal nicht überschreiten.,
Display,anzeigen,
Document Name,Dokumentenname,
Document Type,Dokumententyp,
Documentation,Dokumentation,
Draft,Entwurf,
Drift,Drift,
Drift (c/s),Drift (c/s),
Due Date,Fälligkeitsdatum,
Due This Week,Diese Woche,
Duplicate Handling,Duplikate Handhabung,
Duplicate Of,Duplikat von,
Duplicate sequence in Template Tasks: {0},Doppelte Sequenz in Vorlage Aufgaben: {0},
Duplicate serial for brand '{0}' detected across instruments: {1},Duplikate Serie für Marke '{0}' über Instrumente entdeckt: 1,
Duplicate serial for this Instrument already exists: {0},Duplicate serial for this Instrument existiert bereits: 0),
Duration,Dauer,
Dyn,Dys,
Dyn Range (dB),Dyn Range (dB),
ERPNext Asset,ERPNext Asset,
ERPNext Asset record for this tool (if tracked financially).,ERPNext Asset-Record für dieses Tool (wenn es finanziell verfolgt).,
ERPNext Item to update (must be a Stock Item). Example: 'Clarinet Pad – 10 mm'.,ERPNext Item zum Update (muss ein Stock Item sein). Beispiel: 'Clarinet Pad – 10 mm'.,
ERPNext Serial No (Inventory),ERPNext Serie Nr. (Inventar),
Each row must include a Photo.,Jede Zeile muss ein Foto enthalten.,
Each row must specify Visual Status.,Jede Zeile muss Visual Status angeben.,
Each row must specify the Tone Hole Number.,Jede Zeile muss die Tone Hole Nummer angeben.,
Editing is not allowed while operation is Blocked.,"Bearbeiten ist nicht erlaubt, während der Betrieb gesperrt ist.",
Email,E-Mail,
Email Address,E-Mail-Adresse,
Email Player,E-Mail senden,
Employee / Technician,Mitarbeiter / Techniker,
Employment Status,Beschäftigungsstatus,
Enable to use the printed ArUco marker for scale and perspective correction. Keep the marker flat in the photo.,Aktivieren Sie den gedruckten ArUco-Marker für Skalen- und Perspektivkorrektur. Halten Sie die Markierung flach auf dem Foto.,
Enhancements,Verbesserungen,
Entered By,Eingetragen von,
Entry Date,Datum der Eintragung,
Environment,Umwelt,
Environment Log,Umwelt Log,
Equipment Preference(s),Geräteeinstellungen,
Error,Fehler,
Error processing tone fitness.,Fehler Verarbeitung Ton Fitness.,
Error saving leak test.,Fehler speichern Leck-Test.,
Estimated Completion,Geschätzte Fertigstellung,
Estimated Cost,Geschätzte Kosten,
Estimated Hours,Geschätzte Stunden,
Estimated Materials Cost,Geschätzte Materialkosten,
Estimated Total Cost,Geschätzte Gesamtkosten,
Estimated labor hours required for this setup type.,Geschätzte Arbeitsstunden für diesen Setup-Typ erforderlich.,
Estimated materials cost for this setup project.,Geschätzte Materialkosten für dieses Setup-Projekt.,
Estimated materials cost for this setup type.,Geschätzte Materialkosten für diesen Setup-Typ.,
Estimated total cost for this setup project.,Geschätzte Gesamtkosten für dieses Setup-Projekt.,
Estimated total cost including labor and materials.,Geschätzte Gesamtkosten einschließlich Arbeit und Materialien.,
Estimated vibrato rate and approximate depth in cents,Geschätzte Vibratorate und ungefähre Tiefe in Cents,
Estimates & Defaults,Schätzungen & Fehler,
"Event log: processing runs, approvals, and inventory postings with user and timestamp.","Ereignisprotokoll: Verarbeitung von Auflagen, Genehmigungen und Inventarbuchungen mit Benutzer und Zeitstempel.",
Excellent,Ausgezeichnet,
Expected Duration (days),Voraussichtliche Dauer (Tage),
Expected End,Voraussichtliches Ende,
Expected End Date,Voraussichtliches Enddatum,
Expected End Date cannot be before Expected Start Date.,Das erwartete Enddatum kann nicht vor dem erwarteten Startdatum liegen.,
Expected End cannot be earlier than Expected Start.,Voraussichtlich Ende kann nicht früher sein als erwartet Start.,
Expected Return Date,Voraussichtliche Rückgabe,
Expected Start,Voraussichtlicher Start,
Expected Start Date,Voraussichtliches Startdatum,
Expected Start Date or Setup Date is required to create tasks.,"Erwartetes Startdatum oder Setup-Datum ist erforderlich, um Aufgaben zu erstellen.",
Expected Start Offset (days),Voraussichtlicher Startoffset (Tage),
Expected completion date for this setup project.,Erwartete Fertigstellung für dieses Setup-Projekt.,
Expected start date for this setup project.,Erwartetes Startdatum für dieses Setup-Projekt.,
Expired,Verfallen,
Extended line amount (qty × rate). Kept read-only; computed server-side and mirrored client-side.,Verlängerter Zeilenbetrag (qty × Rate). Kept read-only; berechnet serverseitig und gespiegelt clientseitig.,
External Work Logs,Externe Arbeitsprotokolle,
E♭,E-Dur,
E♭ Clarinet,E-Dur Clarinet,
FFT,FFT,
FFT Size,FFT Größe,
Failed,Versäumt,
Failed to attach files to the document.,Fehler beim Anbringen von Dateien an das Dokument.,
Failed to create or submit Stock Entry.,Nicht erstellt oder eingereicht Stock Entry.,
Failed to load default operations. Please contact an administrator.,Fehler beim Laden von Standardoperationen. Bitte kontaktieren Sie einen Administrator.,
Failed to persist results.,"Versäumt, Ergebnisse zu bestehen.",
Failed to save impedance snapshot.,"Versäumt, Impedanz Snapshot zu speichern.",
Failed to save intonation session.,"Versäumt, die Intonationssitzung zu speichern.",
Fast,Schnell,
Fetching linked Person…,Fütterung verknüpfter Personen...,
Field Label,Feldbezeichnung,
Field Type,Feldtyp,
Field Values,Feldwerte,
Final Comments,Letzte Kommentare,
Final QA Checklist,Letzte QA Checkliste,
Final Qa Checklist,Letzte Qa Checkliste,
First Name,Vorname,
Float,Gleitkommazahl,
Found existing Pad Map: {0},vorhanden gefunden Pad Map: 0),
Frappe Support,Frappe Support,
"Free‑form notes for this intake (e.g., photo conditions, pad sizes mix, any anomalies).","Free-form Notizen für diese Aufnahme (z.B. Fotobedingungen, Padgrößen mischen, alle Anomalien).",
Friendly name for this intake. Use something meaningful like 'Bb Clarinet Pads – Bench 2 – 2025‑08‑20'.,Freundlicher Name für diese Aufnahme. Verwenden Sie etwas Sinnvolles wie 'Bb Clarinet Pads – 2. bis 2025‐08‐20'.,
From Date,Von-Datum,
Fs,F,
Full Name,Vollständiger Name,
G#/A Key Connection,G#/A Schlüsselanbindung,
Gaussian Blur (odd),Gaussian Blur (odd),
General Information,Allgemeine Informationen,
General Notes,Allgemeine Anmerkungen,
Generate Certificate (PDF),Zertifikat generieren (PDF),
Generating certificate...,Zertifikat generieren...,
Generating pad map...,Padkarte generieren...,
Good! Hold,Gut! Warte.,
Grand Total,Gesamtbetrag,
Hann-windowed FFT shown on a logarithmic frequency axis for better peak separation,Hann-Fenster FFT auf einer logarithmischen Frequenzachse zur besseren Peaktrennung,
Harmonics H1–H10,Harmonische H1–H10,
Headline,Kopf,
High,Hoch,
High-frequency content ratio; proxy for mechanical/noise floor,HF-Gehaltsverhältnis; Proxy für mechanischen/Rauschboden,
Higher values reveal quieter harmonics; lower values increase contrast,Höhere Werte zeigen leisere Harmonischen; niedrigere Werte erhöhen den Kontrast,
Hire Date,Mietdatum,
Hiss Index,Hiss Index,
History,Geschichte,
Hold,Anhalten,
Hold Goal (s),Festhalten von Tor (s),
Hold progress,Fortschritt,
Hough Circles inverse ratio of accumulator to image resolution. 1.2–2.0 is typical; lower can improve sensitivity.,Hough Circles inverse Verhältnis von Akkumulator zu Bildauflösung. 1.2–2.0 ist typisch; niedriger kann die Empfindlichkeit verbessern.,
Hough accumulator threshold. Higher = fewer detections (more strict). Lower if pads are missed.,"Hough Akku Schwelle. Höher = weniger Erkennungen ( strenger). Unter, wenn Pads verpasst werden.",
Hough dp,Harter Tep,
Hours,Stunden,
Hours (if Labor),Stunden (wenn Arbeit),
Human‑verified final count. This drives the inventory delta by default. Edit if the preview missed or over‑counted any pads.,"Humanverifizierte Endzahl. Dies treibt das Inventar delta standardmäßig an. Bearbeiten, ob die Vorschau keine Pads verpasst oder überzählt hat.",
Hygrometer Reading Photo,Hygrometer Lesefoto,
Identity,Identität,
Idx,Pos,
"If enabled, indicates this is a grouping node (usually not directly actionable).","Wenn aktiviert, ist dies ein Gruppierungsknoten (meist nicht direkt aktivierbar).",
Ignores very quiet input to avoid false detections.,"Ignoriert sehr leise Eingabe, um falsche Erkennungen zu vermeiden.",
Image processing failed. Please verify image quality and try again.,Die Bildverarbeitung hat versagt. Bitte überprüfen Sie die Bildqualität und versuchen Sie es erneut.,
Images,Bilder,
In Progress,In Bearbeitung,
In Service,Im Service,
In Transit,In Lieferung,
Inactive,Inaktiv,
Initial Assessment Notes,Anmerkungen zur Erstbewertung,
Initial Condition Notes,Original Zustandshinweise,
Initial Intake Photos,Erstaufnahme Fotos,
Initial Relative Humidity (%),Ursprüngliche relative Luftfeuchtigkeit (%),
Initial Setup,Erster Setup,
Initial Temperature (°C),Anfangstemperatur (°C),
Input level,Eingangsstufe,
Insights,Einblicke,
Inspected By,kontrolliert durch,
Inspection,Inspektion,
Inspection Date,Inspektionsdatum,
Inspection Reference,Referenz der Inspektion,
Inspection Type,Art der Prüfung,
Inspection Type Name (Inventory),Inspektionstyp Name (Inventar),
Inspection Type Name (Repair/Maintenance),Inspektionstyp Name (Reparatur/Maintenance),
Instrument,Instrument,
Instrument '{0}' not found.,Instrument '{0}' nicht gefunden.,
Instrument Category,Kategorie,
Instrument Condition,Zustand des Geräts,
Instrument Delivered to Customer,Gerät an den Kunden geliefert,
Instrument ID,Instrument ID,
Instrument ID is required,Instrumenten-ID ist erforderlich,
Instrument Information,Informationen zum Thema,
Instrument Inspection,Instrumenteninspektion,
Instrument Inspection created without a Serial No link because the field is configured as Link → 'Serial No' and no ERPNext Serial No exists. Please migrate the field to Link → 'Instrument Serial Number' for full compatibility.,"Instrumenteninspektion ohne Serial geschaffen Kein Link, weil das Feld als Link → 'Serial No' konfiguriert ist und kein ERPNext Serial No existiert. Bitte migrieren Sie das Feld auf Link → 'Instrument Serial Number' für volle Kompatibilität.",
Instrument Inventory Report,Inventarbericht,
Instrument Item Code,Artikelnummer des Instruments,
Instrument Key,Schlüssel,
Instrument Model,Modell,
Instrument Model ID,Instrument Modell ID,
Instrument Photos,In den Warenkorb,
Instrument Profile,Instrumentenprofil,
Instrument Profile ID,Instrumentenprofil ID,
Instrument Rested Min. 4 Hours Before Handling,Instrument Rested Min. 4 Stunden vor der Handhabung,
Instrument Serial Number,Seriennummer des Instruments,
Instrument Service History,Geschichte des Instruments,
Instrument Setup,Instrumentensetup,
Instrument Status,Status,
Instrument Type,Art des Instruments,
Instrument is required.,Instrument ist erforderlich.,
Instrument mismatch with Repair Order {0}.,Instrumentennebel mit Reparaturauftrag {0}.,
Instrument record for context (auto-filled from parent where possible).,"Instrumentensatz für Kontext (auto-filled from parent, soweit möglich).",
Instrument {0} not found,Instrument {0} nicht gefunden,
Instruments Currently Owned,Instrumente zur Zeit Eigentümer,
Int,Ganzzahl,
Intake,Aufnahme,
Intake Date & Time,Datum und Uhrzeit,
Intake Naming Series,Intake Naming Serie,
Intake Record ID,Intake Record ID,
Intake Type,Einnahmeart,
Interaction Logs,Interaction Logs,
Interaction Type,Interaktivitätsart,
Internal identifier for this template (kept unique and set only once).,Interne Kennung für diese Vorlage (nur einmalig und nur einmal eingestellt).,
Intonation,Intonation,
Invalid operation type specified.,Invalide Betriebsart angegeben.,
Invalid status: {0},Invalider Status: 0),
Inventory,Lagerbestand,
Inventory Action,Inventaraktion,
Inventory Delta,Inventar Delta,
Inventory Delta must be non-zero to proceed.,"Inventar Delta muss nicht-Null sein, um fortzufahren.",
Is Active,Ist aktiv(iert),
Is Group,Ist Gruppe,
Is Open Key,Ist offener Schlüssel,
Is Secondary Pad,Ist Sekundäres Pad,
Is this a secondary pad? (Secondary pads are the pads that are controlled by anything but the players finger. E.g. The LH2 is a secondary key when the RH1 is pressed for 1-and-1,"Ist das ein Sekundär-Pad? (Secondary Pads sind die Pads, die von allem gesteuert werden, außer die Spieler Finger. Z. Der LH2 ist ein Sekundärschlüssel, wenn der RH1 für 1-und-1 gedrückt wird.",
Issue,Anfrage,
Issue Description,Warenbezeichnung,
Issued,Ausgegeben,
Issued Date,Ausgestelltes Datum,
Issued To (Customer),Ausgestellt an (Kunden),
Item,Artikel,
Item Code,Artikel-Code,
Item Name,Artikelname,
Item and Warehouse are required.,Artikel und Warehouse sind erforderlich.,
Item {0} does not exist.,Artikel {0} existiert nicht.,
Items,Artikel,
"JSON file with detection details (x, y, r, confidence, method, quality metrics). Useful for audit and troubleshooting.","JSON-Datei mit Erkennungsdetails (x, y, r, Vertrauen, Methode, Qualität Metriken). Nützlich für Audit und Fehlerbehebung.",
Jitter (%),Jitter (%),
Jitter/Shimmer,Jitter/Shimmer,
Just Intonation (generic offsets),Nur Intonation (generische Offsets),
Kept for backward compatibility; use warranty_end_date,Kept für Rückwärtskompatibilität; verwenden Sie Garantie_end_date,
Key,Schlüssel,
Key Height (mm),Schlüsselhöhe (mm),
Key Height Preference,Voreinstellung der Größe,
Key Plating,Hauptplatine,
Key System,Schlüsselsystem,
Key performance metrics,Kennzahlen der Hauptleistung,
Keyboard Shortcuts,Tastaturkürzel,
Keywork Condition,Schlüsselzustand,
Keywork Plating,Keywork Platine,
Lab,Laboratorien,
Lab Console,Laborkonsole,
Lab Results,Laborergebnisse,
Lab Technician,Labortechniker,
Lab Test not found,Laboratorien Nicht gefunden,
Labels & Mapping,Labels & Mapping,
Labor Hours,Arbeitsstunden,
Larger sizes,Größere Größen,
Last Active,Zuletzt aktiv,
Last Calibrated,Letzter kalibriert,
Last Intake Date,Letzter Beitrag,
Last Name,Nachname,
Last Visit Date,Letzter Besuch,
Leak,Leak,
Ligature,Ligatur,
Line Items,Positionen,
Link to the Stock Entry created by Update Inventory. Click to open the voucher.,"Link zum Stock Entry erstellt von Update Inventory. Klicken Sie, um den Gutschein zu öffnen.",
Linkage,Verknüpfung,
Linked Stages,Linked Stages,
Listening… (play a sustained note),Hören... (spielen Sie eine anhaltende Note),
"Live DSP readouts for stability, timbre, and intonation. Hover charts to interpret shape and trend; use Dyn Range to reveal quieter content.","Live-DSP-Auslesungen für Stabilität, Timbre und Intonation. Hover-Charts, um Form und Trend zu interpretieren; verwenden Sie Dyn Range, um leisere Inhalte zu offenbaren.",
Live View,Live View,
Load Operations from Template,Die Operationen von Template laden,
Loaded {0} operation(s) and {1} checklist item(s) from template.,Beladen {0} Operation(en) und {1} Checklist Item(s) aus der Vorlage.,
Loading operations...,Ladevorgänge...,
Loaner Instrument,Darlehensinstrument,
Loaner Record,Loaner Record,
Loaner Return Check,Loaner Return Check,
Loaner Serial Number,Kreditnummer,
Loaner Status,Status des Darlehensnehmers,
Location,Ort,
Log Entry,Anmelden,
Log Freq,Einloggen,
Log Time,Log Time,
Log bins,Log bins,
Log out,Abmelden,
Logged By,Gemeldet von,
Logs,Protokolle,
Lost,Verloren,
Low,Niedrig,
Mailing Address,Postanschrift,
Maintenance,Wartung,
Manual Note,Handbuch,
Manufacturer,Hersteller,
Map to stock Serial No when the unit is on your books,"Karte zum Lager Serial Nein, wenn die Einheit auf Ihren Büchern ist",
Mapped Brand,Geplante Marke,
Mark On Hold,Mark on Hold,
Mark this as a duplicate of another serial record,Markieren Sie dies als Duplikat eines anderen seriellen Datensatzes,
Marker Side Length (mm),Marker Seitenlänge (mm),
Marketing Photo Gallery,Fotogalerie für Kinder,
Material Usage,Materialverbrauch,
Material Used,Material verwendet,
Materials Used,Gebraucht,
Max Radius (px),Max Radius (px),
"Maximum pad radius in pixels. If using Auto Pixel Radius from mm, this updates automatically after processing.","Maximaler Padradius in Pixeln. Wenn Sie Auto Pixel Radius von mm verwenden, wird diese automatisch nach der Verarbeitung aktualisiert.",
Mean Cents,Mittel Cents,
Mean/Std Cents,Mittel/Std Cents,
Meantone (1/4-comma),Meantone (1/4-Comma),
Measurement,Messung,
Measurement Session,Messbereich,
Measurement Type,Messart,
Measurements,Messungen,
Media & Photos,Medien und Fotos,
Medium,Mittel,
Meta,Meta,
Method,Methode,
Metric,Metric,
Microphone,Mikrofon,
Microphone error. Check permissions and input device.,Mikrofonfehler. Überprüfen Sie Berechtigungen und Eingabegerät.,
Min Radius (px),Min Radius (px),
"Minimum pad radius in pixels. If using Auto Pixel Radius from mm, this updates automatically after processing.","Minimaler Padradius in Pixeln. Wenn Sie Auto Pixel Radius von mm verwenden, wird diese automatisch nach der Verarbeitung aktualisiert.",
Missing required field(s) for New Inventory: {0},Fehlen von erforderlichen Feldern für neue Inventar: {0},
Model,Modell,
Model this template is designed for (used for pad maps and model-specific defaults).,Diese Vorlage ist für (für Pad Maps und modellspezifische Defaults) konzipiert.,
Modification Date,Datum der Änderung,
Modified By,Geändert von,
Mouthpiece,Mundstück,
My Open Tasks,Meine offenen Aufgaben,
My Profile,Mein Profil,
My Settings,Meine Einstellungen,
Name,Name,
Naming Series,Nummernkreis,
Navigate,Navigieren,
Needle,Nadel,
New,Neu,
New End Date,Neues Enddatum,
New Session…,Neue Sitzung...,
New Start Date,Neues Startdatum,
Newsletter Subscription,Newsletter Anmeldung,
Next Calibration Due,Nächste Kalibrierungsdauer,
No Default Operations found in the selected Setup Template.,Keine Standard-Operationen in der ausgewählten Setup-Vorlage gefunden.,
No Template Tasks found on the selected Setup Template.,Keine Vorlage Aufgaben auf der ausgewählten Setup Vorlage gefunden.,
No player profile linked to this user.,Kein Spielerprofil mit diesem Benutzer verbunden.,
No recording provided.,Keine Aufzeichnung.,
Noise Gate,Nostor,
Normalize Sequence,Sequenz normalisieren,
Normalized Serial,Normalisierte Serie,
Normalized Serial could not be derived from the Serial Number.,Normalisierte Serie konnte nicht von der Seriennummer abgeleitet werden.,
Not permitted,Nicht gestattet,
Notes,Anmerkungen,
Nothing to do,Nichts zu tun,
Notify User on Stock Issues,Benachrichtigen Sie den Benutzer auf Lagerfragen,
No‑ML Calibration,No‐ML Kalibrierung,
Number of Keys/Rings,Anzahl der Schlüssel/Ringe,
Nyquist,Nyquid,
OK,Okay.,
"Observations, environmental conditions, or session comments.","Beobachtungen, Umweltbedingungen oder Sitzungshinweise.",
Odd/Even,Odd/Even,
Odd/Even (dB),(dB),
Off (Equal Temperament),Off (Equal Temperament),
Old End Date,Altes Enddatum,
Old Start Date,Altes Startdatum,
On Hold,Zurückgestellt,
Only Technicians can record impedance data.,Nur Techniker können Impedanzdaten aufnehmen.,
Only Technicians can record intonation.,Nur Techniker können die Intonation aufnehmen.,
Open,Offen,
Open Gantt,Open Gantt,
OpenCV (contrib) is required to generate the ArUco marker (package: opencv-contrib-python).,"OpenCV (contrib) ist erforderlich, um den ArUco-Marker zu erzeugen (Verpackung: opencv-contrib-python).",
Operation,Arbeitsgang,
Operation Template,Betriebsanleitung,
Operation Type,Betriebsart,
"Operation type must be Inventory, Maintenance, or Repair.","Betriebsart muss Inventar, Wartung oder Reparatur sein.",
Operations Performed,Operationen durchgeführt,
Operations loaded.,Operationen geladen.,
Operations to pre-populate into Clarinet Initial Setup → Operations Performed. Each row describes a standard operation you routinely perform.,"Operationen zur Vorpopulation in Clarinet Initial Setup → Operationen durchgeführt. Jede Zeile beschreibt einen Standardbetrieb, den Sie routinemäßig ausführen.",
Optional color tag for visual grouping in list and Kanban views.,Optionaler Farbtag zur visuellen Gruppierung in Liste und Kanban Ansichten.,
Optional item description shown on the certificate or internal reports.,Optionale Artikelbeschreibung auf dem Zertifikat oder internen Berichten.,
Optional notes that will be copied to the generated Clarinet Setup Task.,"Optionale Notizen, die auf die generierte Clarinet Setup Task kopiert werden.",
Optional parent group task (for hierarchical grouping).,Optionale Stammgruppenaufgabe (für hierarchische Gruppierung).,
"Ordering hint for task lists and generation from templates (use spaced values like 10, 20, 30 to allow inserts).","Bestellhinweise für Aufgabenlisten und Generierung von Vorlagen (verwenden Sie Distanzwerte wie 10, 20, 30, um Einsätze zu ermöglichen).",
"Ordering number used when generating tasks (e.g., 10, 20, 30).","Bestellnummer bei der Erstellung von Aufgaben (z.B. 10, 20, 30).",
Other,Andere,
Outside tolerance,Außentoleranz,
Overall Condition,Gesamtzustand,
Overall Passed,Insgesamt Passed,
Overall Progress,Gesamter Fortschritt,
Overdue,Überfällig,
Overview,Übersicht,
Owner,Besitzer,
Owner Name,Name des Eigentümers,
PDF generation failed (install 'reportlab').,PDF-Generierung fehlgeschlagen (install 'reportlab').,
Pad Condition,Auf Lager,
Pad Diameter (mm),Pad Durchmesser (mm),
Pad ID,Auf Lager,
Pad Map,Auf der Karte,
Pad Name,Vorname:,
Pad Position,Zurück zur Übersicht,
Pad Type,Zubehör,
Pad Type (Current),Pad Typ (Current),
Pad map auto-populated.,Pad-Karte auto-populiert.,
"Pad map prepared (unsaved). Review, then Save.","Pad-Karte vorbereitet (unsaved). Review, dann Save.",
Parameter,Parameter,
Parent Pad,Parent Pad,
Parent Task,Übergeordnete Aufgabe,
Parent Task's Subject,Gegenstand der Elternaufgabe,
"Parent clarinet setup record this task belongs to. Used for filtering, progress roll-up, and navigation.","Parent clarinet Setup-Aufzeichnung diese Aufgabe gehört. Wird für Filtern, Fortschrittsaufrollung und Navigation verwendet.",
Part Code,Teilcode,
Parts Cost,Teile,
Passed,Bestanden,
Passed?,Passiert?,
Pause Task,Aufgaben,
Paused,Pausiert,
Peak-picked near multiples of f0 for robust harmonic levels,Peak-picked in der Nähe von Vielfachen von f0 für robuste harmonische Ebenen,
Pending,Ausstehend,
Pending Review,Wartet auf Überprüfung,
Percent Complete,% vollständig,
Percent Complete must be between 0 and 100,Procent Complete muss zwischen 0 und 100 sein,
Percent complete for this task. Automatically set to 100% when status is Completed; contributes to parent roll-up.,"Prozent komplett für diese Aufgabe. automatisch auf 100% eingestellt, wenn der Status abgeschlossen ist; trägt zum Elternaufrollen bei.",
Percentage,Prozentsatz,
Performed By,Von,
Performed By (Shop Name),Ausgestellt von (Shop Name),
Periodicity in cents over time; peaks in 4–8 Hz region indicate vibrato,Periodizität in Cents im Laufe der Zeit; Spitzen in 4–8 Hz Region Vibrato anzeigen,
Phone,Telefon,
Phone Number,Telefonnummer,
Photo,Foto,
Photo Timestamp,Foto-Zeitstempel,
Photo attachment is required for each tone hole inspection.,Für jede Tonlochinspektion ist ein Fotoaufsatz erforderlich.,
Photos at Return,Fotos bei Return,
"Physical side length of the printed marker in millimeters (e.g., 50). This ensures millimeter‑accurate pixel scaling.",Physikalische Seitenlänge des Druckmarkers in Millimetern (z.B. 50). Dies gewährleistet eine Millimetergenaue Pixelskalierung.,
Pitch Display,Pitch Display,
Pitch Standard,Pitch Standard,
Plan Date,Datum,
Plan Status,Status des Projekts,
Planned Tasks,Geplante Aufgaben,
Planned duration in days for the generated task (at least 1).,Geplante Dauer in Tagen für die erzeugte Aufgabe (mindestens 1).,
Planned end date. Must be on/after Expected Start. Enables Gantt view.,Geplantes Enddatum. Muss auf/nach Erwartete Start. Ermöglicht die Ansicht von Gantt.,
Planned start date. Enables Gantt view.,Geplantes Startdatum. Ermöglicht die Ansicht von Gantt.,
Planning,Planung,
Planning notes or special instructions for this service plan.,Planungshinweise oder besondere Anweisungen für diesen Serviceplan.,
Play Tone,Tone spielen,
Player Level,Spielerebene,
Player Profile,Profil des Spielers,
Player Profile ID,Benutzerprofil ID,
Player marketing interests updated,Spieler Marketing Interessen aktualisiert,
Player subscribed to newsletter,Spieler abonniert Newsletter,
Players & Instruments,Spieler und Instrumente,
Please attach a photo first.,Bitte zuerst ein Foto anbringen.,
"Please only input the type of material of the pad. (E.g. Leather, Cork, Double-Skin, GoreTex, etc.)","Bitte geben Sie nur die Art des Materials des Pads ein. (z.B. Leder, Kork, Doppelhaut, GoreTex, etc.)",
Please save this document first.,Bitte speichern Sie dieses Dokument zuerst.,
Please select a Setup Template first.,Bitte wählen Sie zuerst eine Setup-Vorlage aus.,
Please set Review Status to Approved before updating inventory.,Bitte setzen Sie den Status der Überprüfung vor der Aktualisierung des Inventars ein.,
Portal,Portal,
Possible duplicates detected.,Mögliche Duplikate erkannt.,
Predecessor tasks that must be Completed before this task can proceed. Each row links to another Clarinet Setup Task.,"Vorgänge, die abgeschlossen werden müssen, bevor diese Aufgabe ausgeführt werden kann. Jede Zeile verknüpft eine weitere Clarinet Setup Task.",
Preferred Name,Vorname,
Preferred Pad Type,Bevorzugtes Pad Typ,
Preliminary Estimate,Voraussichtliche Schätzung,
Prepared By,Vorbereitet von,
Preview,Vorschau,
Preview Task Schedule,Taskplan für die Vorschau,
Previous Repairs,Vorherige Reparaturen,
Primary,Primär,
Primary Email,Primäre E-Mail-Adresse,
Primary Phone,Primäre Telefonnummer,
Primary Playing Style(s),Primary Playing Style(s),
Primary Profile?,Primary Profile?,
Primary Teacher / Mentor,Grundschullehrer / Mentor,
Print Format '{0}' is missing or not linked to {1}. Reload the print format files.,Druckformat '{0}' fehlt oder nicht mit {1} verknüpft. Laden Sie die Druckformatdateien neu.,
Priority,Priorität,
Priority for scheduling and triage.,Priorität für Planung und Triage.,
Priority level for this setup project.,Prioritätsstufe für dieses Setup-Projekt.,
Priority to apply to the generated task.,Priorität auf die generierte Aufgabe anzuwenden.,
Processed At,Verarbeitet bei,
Processed Preview,Verarbeitete Vorschau,
Processing Params,Bearbeitungsparamen,
Profile Creation Date,Profil Erstellungsdatum,
Profile Image (Hero Shot),Profilbild (Hero Shot),
Profile Status,Zurück zur Übersicht,
Profile Type,Profiltyp,
Profile synced,Profil synchronisiert,
Progress,Fortschritt,
Project Actions,Projektaktionen,
Project Details,Projekt Details,
Project Information,Projektinformationen,
Project Timeline,Projekt Timeline,
"Projects-like task used to track clarinet setup/repair work for a single instrument. Supports scheduling, priority, dependencies, progress roll-up to the parent Clarinet Initial Setup, and Gantt/Kanban list modes.","Projektähnliche Aufgabe, mit der Klarinetten-Setup/Reparaturarbeiten für ein einzelnes Instrument verfolgt werden. Unterstützt Schieduling, Priorität, Abhängigkeiten, Fortschritt Roll-up zu den Eltern Clarinet Initial Setup und Gantt/Kanban Listenmodi.",
Promise Date,Datum des Verfahrens,
Promised Completion Date,Abschlussdatum,
Provide either profile or instrument,Bieten Sie entweder Profil oder Instrument,
Provide instrument or profile,Instrument oder Profil bereitstellen,
Pulse Update,Puls-Update,
Purchase,Einkauf,
Purchase Date,Kaufdatum,
Purchase Order,Bestellung,
Purchase Receipt,Eingangsbeleg,
QA,QA,
QA Checklist,QA Checkliste,
QA Reports,QA-Berichte,
QA Technician,QA Techniker,
QA workflow state; managed automatically.,QA-Workflow-Zustand; automatisch verwaltet.,
QC Certificate,QC Zertifikat,
Qty,Menge,
Quality Assurance,Qualitätssicherung,
Quality OK,Qualität OK,
Quantity,Menge,
Quantity cannot be negative.,Die Menge kann nicht negativ sein.,
Quantity consumed.,Menge verbraucht.,
Quantity must be greater than zero.,Die Menge muss größer als Null sein.,
Quantity to post to stock. Defaults to Approved Count. You may override for partial postings or adjustments.,Menge zu posten. Defaults to Approved Count. Sie können für Teilbuchungen oder Anpassungen überschreiben.,
Quotation Date,Datum,
Quoted Work,Geplante Arbeit,
RH (%),RH (%),
Rate,Einzelpreis,
Rate ($/hr),Rate ($/h),
Rating,Bewertung,
Raw serial string from Instrument.serial_no,Raw serielle String von Instrument.serial_no,
Raw time-domain view; good for onset/attack inspection,Rohe Zeit-Domain-Ansicht; gut für Ein-/Angriffskontrolle,
Ready,Fertig,
Real-Time Analysis Console,Konsole für Echtzeitanalyse,
Reason,Grund,
Receipt / Proof of Service,Empfang / Nachweis des Service,
Received,Empfangen,
Recent tuning error history with mean/std/drift,Jüngste Tuning-Fehler-Geschichte mit mittlerer/std/drift,
Recorded By,Aufgenommen von,
Recording file too large (>20MB).,Datei zu groß aufnehmen (>20MB).,
Recording missing or too short.,Die Aufnahme fehlt oder zu kurz.,
Reed Brand,Reed Brand,
Reed Match,Reed Match,
Reed Model,Reed Modell,
Reed Strength,Reed Stärke,
Reference,Referenz,
Reference DocType,Referenz DocType,
Reference Doctype,Referenztyp,
Reference Name,Referenzname,
Reference Tone & Trainer,Referenz Ton & Trainer,
"Reference tone is emitted at CONCERT pitch. For written instruments, adjust mentally or switch Display.","Bei CONCERT-Pitch wird Referenzton ausgegeben. Für geschriebene Instrumente, anpassen Sie mental oder Schalter Anzeige.",
Referral Source,Quelle,
Rejected,Abgelehnt,
Related,Zugehörig,
Related Documents,Ähnliche Dokumente,
Related Instrument,In den Warenkorb,
Relationship to Client,Beziehung zum Kunden,
Relative strength of odd vs. even harmonics; timbre proxy,Relative Stärke von ungeraden vs. sogar Harmonischen; Timbre Proxy,
Reload,Neu laden,
Remarks,Anmerkungen,
Removed Date,Entzogenes Datum,
Rendered Agreement (Read Only),Rendered Agreement (Lesen Sie nur),
Rendered Consent Form,Rendered Consent Form,
Reopen,Wieder öffnen,
Reopen Task,Wiedereröffnung der Aufgabe,
Repair,Reparieren,
Repair Activity This Month,Reparatur-Aktivitäten Dieser Monat,
Repair Details,Reparaturdetails,
Repair Estimate,Reparatur-Schätzung,
Repair Feedback,Reparatur-Feedback,
Repair History,Reparieren Sie die Geschichte,
Repair Issue,Reparatur-Ausgabe,
Repair Log,Reparatur Log,
Repair Logging,Reparieren Logging,
Repair Notes,Reparaturhinweise,
Repair Order,Reparaturauftrag,
Repair Order Created,Reparatur Bestellung erstellt,
Repair Portal,Reparatur Portal,
Repair Portal Settings,Reparatur Portal Einstellungen,
Repair Pulse,Reparieren Puls,
Repair Reference,Referenz der Reparatur,
Repair Request,Reparaturanfrage,
Repair Request not specified,Anfrage nicht spezifiziert,
Report an Issue,Ein Problem melden,
ReportLab is required to create PDFs (package: reportlab).,"ReportLab ist erforderlich, um PDFs zu erstellen (Paket: reportlab).",
Requested Upgrades,Erforderliche Upgrades,
Requests,Anträge,
Require Instrument Inspection on Intake,Erforderliche Instrumentenkontrolle bei der Aufnahme,
Required,Erforderlich,
Required Fields,Erforderliche Felder,
Requires Calibration?,Erfordert Kalibrierung?,
Reset,Zurücksetzen,
Resolve,Klären,
Resolved,Geklärt,
Resolved Item,Aufgelöste Ware,
Resonance (ESS),Resonanz (ESS),
Restore,Wiederherstellen,
Retired,Ruhestand,
Return for Rework,Zurück zur Übersicht,
Returned,Zurückgegeben,
Returned to Customer,zurück zum Kunden,
Review Status,Zurück zur Übersicht,
Rounded Total,Gerundete Gesamtsumme,
SMS,SMS,
Sales,Vertrieb,
Sales Manager,Vertriebsleiter,
Sales User,Nutzer Vertrieb,
Sample Rate,Stichprobenquote,
Samples,Proben,
Save & Analyze,Speichern und Analysieren,
Saved. Analysis started.,Gespart. Die Analyse begann.,
Scan Context,Scan-Kontext,
Scan Time,Scanzeit,
Scanned Barcode,Gescannter Barcode,
Scheduled,Geplant,
Scheduled Date,Geplantes Datum,
Seal Status,Sie haben die,
Section,Sektion,
Select a Setup Template first.,Wählen Sie zunächst eine Setup-Vorlage aus.,
Select microphone,Wählen Sie Mikrofon,
Selected Item is not a stock item.,Ausgewählte Ware ist kein Lagerbestandteil.,
Selling Price List,Verkaufspreisliste,
Send to QA,Senden an QA,
Send to Review,Zurück zur Übersicht,
Seq,Seq,
Sequence,Folgen,
Sequence normalized.,Sequenz normalisiert.,
Serial Identity,Serielle Identität,
Serial No,Seriennummer,
Serial No.,Serial No.,
Serial Number,Seriennummer,
Serial Number Verification & Status,Seriennummer Verifikation & Status,
Serial Number is required.,Seriennummer ist erforderlich.,
Serial Photo,Serielles Foto,
Serial Source,Serielle Quelle,
Serial already exists on other instrument(s). Consider linking this record or using 'Duplicate Of'.,Die Serie existiert bereits auf anderen Instrumenten. Betrachten Sie die Verknüpfung dieser Platte oder mit 'Duplicate Of'.,
Serial input is required,Serieneingabe erforderlich,
Serial number of the instrument being serviced (traceability).,Seriennummer des zu bedienenden Instruments (Traceability).,
Serial/ID,Serie/ID,
Service Date,Zeitpunkt,
Service Description,Service Beschreibung,
Service Photo Log,Service Photo Log,
Service Plan,Serviceplan,
Service Planning,Serviceplanung,
Service Task,Service-Task,
Service Type,Serviceart,
Service Type Requested,Serviceart Angefordert,
Session,Sitzung,
Session Defaults,Sitzungsstandards,
Session status: controls lab and QA review visibility.,Sitzungsstatus: kontrolliert Labor und QA-Bewertung Sichtbarkeit.,
Sets the transposition for written vs. concert pitch display.,Setzt die Umsetzung für das geschriebene vs. Konzert-Pitch-Display.,
Sets the vertical range for Spectrum/Spectrogram.,Stellt den vertikalen Bereich für Spectrum/Spectrogramm.,
Settings,Einstellungen,
Setup,Einrichtung,
Setup Content,Setup Inhalt,
Setup Date,Datum der Inbetriebnahme,
Setup ID,Setup-ID,
Setup Logs,Setup Logs,
Setup Logs & Notes,Setup Logs & Noten,
Setup Notes,Setup Notes,
Setup Template,Setup Vorlage,
Setup Type,Einrichtungsart,
Setup Type is required for project template.,Der Setup-Typ ist für die Projektvorlage erforderlich.,
Setup awaiting quality review.,Setup wartet auf Qualitätskontrolle.,
Setup project completed successfully.,Das Projekt wurde erfolgreich abgeschlossen.,
Setup project in progress.,Aufbauprojekt im Gange.,
Setup project is on hold.,Das Setup-Projekt ist in Betrieb.,
Setup project was cancelled.,Das Setup-Projekt wurde abgesagt.,
Shimmer (%),Schimmer (%),
Shipping,Versand,
Shooting kit generated and attached.,Schießsatz generiert und befestigt.,
Shop-applied scan code (optional),Shop-Applied Scancode (optional),
"Short, action-oriented title for the task (e.g., “Set key heights – upper joint”).","Kurzer, handlungsorientierter Titel für die Aufgabe (z.B. ""Set Schlüsselhöhen – oberes Gelenk"").",
Show Liked Instruments,Gefällte Instrumente anzeigen,
Show On,Show on,
Show Owned Instruments,Eigene Instrumente anzeigen,
Show in Portal,Show in Portal,
Shows guideline ticks at typical pure interval offsets (relative to Equal Temperament).,Zeigt Leitlinie Zecken in typischen reinen Intervall-Offsets (bezogen auf Equal Temperament).,
Signature,Signatur,
Signed,Unterzeichnet,
Signed On,Angemeldet,
Slope,Slogan,
Slow,Langsam,
Small Text,Kleiner Text,
Smoothing,Glätten,
Smoothing kernel size (odd number). Use 5–9 to reduce noise; too high may erase edges.,"Glatte Kernelgröße (odd number). Verwenden Sie 5–9, um Lärm zu reduzieren; zu hoch kann Kanten löschen.",
Sold,Verkauft,
Source Brand,Quelle Marke,
Source Warehouse,Ausgangslager,
Spectrogram,Spektrometer,
Spectrogram [Log Freq],Spektrogramm [Log Freq],
Spectrum (dB),Spektrum (dB),
Spectrum (dB) [Log Freq],Spektrum (dB) [Log Freq],
Spring Condition,Federzustand,
Spring Tension Preference,Vorzug der Federspanne,
Spring Type,Frühlingstyp,
Standard,Standard,
Standard Hourly Rate,Standard-Höchstrate,
Start,Starten,
Start Project,Projekt starten,
Start Trainer,Start Trainer,
Start Tuner,Tuner starten,
Start Work,Arbeiten beginnen,
Status,Status,
Stay within ± tolerance until the bar completes. Great for Throat A practice.,"Bleiben Sie in ± Toleranz, bis der Balken komplett ist. Toll für Throat A Praxis.",
Std Cents,Std Cents,
Stock Entry,Lagerbuchung,
"Stock Item used (e.g., pad, cork, spring).","Lagerartikel verwendet (z.B. Pad, Kork, Feder).",
Stock UOM,Lagermaßeinheit,
Stop,Anhalten,
Stop Tone,Ton anhalten,
Stop Trainer,Stop Trainer,
Stop Tuner,Stop Tuner,
Store Asking Price,Preis auf Lager,
Strobe,Strobe,
Strobe visualization,Strobe Visualisierung,
Student,Schüler,
Subject,Betreff,
Submit,Buchen,
Submitted,Gebucht,
Subtotal,Zwischensumme,
Success! Goal reached.,Erfolg! Ziel erreicht.,
Supplier Code Prefix,Hersteller Code Prefix,
Suspended,Suspendiert,
Swabbing Protocol Explained,Swabbing Protokoll Erklärt,
Switch between concert pitch and written (transposed) pitch.,Wechseln zwischen Konzert-Pitch und geschriebenem (übersetzten) Ton.,
Sync Now,Jetzt synchronisieren,
Sync failed,Synthetisch gescheitert,
Syncing…,Sync...,
System Manager,System-Manager,
System‑generated log of processing and inventory actions for audit.,Systemgenerierte Protokolle der Verarbeitungs- und Inventarmaßnahmen zur Prüfung.,
Target,Ziel,
Target Delivery,Ziellieferung,
Targeted Marketing Opt-In,Zielorientiertes Marketing Opt-In,
Task,Vorgang,
Task Description,Vorgangsbeschreibung,
Task Name,Aufgaben-Name,
Task Type,Vorgangstyp,
Task blueprints that generate real Clarinet Setup Tasks (with offsets/durations) when applied on a Clarinet Initial Setup.,"Task-Blueprints, die echte Clarinet Setup-Tasks (mit Offsets/Dauern) generieren, wenn sie auf einem Clarinet Initial Setup angewendet werden.",
Task title that this dependency relates to.,"Aufgabentitel, die diese Abhängigkeit betrifft.",
Task title that will be copied to the generated Clarinet Setup Task.,"Task-Titel, die auf die generierte Clarinet Setup Task kopiert werden.",
Tasks,Aufgaben,
Tax Amount,Steuerbetrag,
Tax Rate (%),Steuersatz (%),
Technical Tags/Notes,Technische Tags/Anmerkungen,
Technician,Technik,
Technician Assigned,Techniker zugewiesen,
Technician Notes,Technische Anmerkungen,
Technician Review Notes,Technische Anmerkungen,
Technician Signature,Technische Signatur,
Temp (°C),Temp (°C),
Temperament,Temperament,
Template Content,Inhalt,
Template Name,Vorlagenname,
Template Task subject is required (sequence: {0}).,Vorlage Aufgabenobjekt ist erforderlich (Sequenz: {0}).,
Template Tasks,Vorlage Aufgaben,
Template defaults loaded. Use buttons to load operations and create tasks.,"Vorlage standardmäßig geladen. Verwenden Sie Tasten, um Operationen zu laden und Aufgaben zu erstellen.",
"Template for legal consent forms used in various processes like sales, repairs, and privacy agreements.","Vorlage für gesetzliche Einwilligungsformulare, die in verschiedenen Prozessen wie Vertrieb, Reparatur und Datenschutz verwendet werden.",
Template-level predecessors (referencing other template rows by sequence).,Template-Level-Vorgänger (weitere Vorlagenzeilen nach Sequenz).,
Tenon External Diameter (mm),Tenon Außendurchmesser (mm),
Tenon Fit Assessment,Tening Fit Assessment,
Tenon Height (mm),Höhe (mm),
Tenon Internal Diameter (mm),Innendurchmesser von Tenon (mm),
Tenon Type,Teneriffatyp,
Tenon Wall Thickness (mm),Tenon Wanddicke (mm),
Terms,Geschäftsbedingungen,
Test Type,Prüftyp,
Text,Text,
The full legal text or template content for this consent form.,Der vollständige Rechtstext oder Vorlageninhalt für dieses Einwilligungsformular.,
The prerequisite Clarinet Setup Task that this task depends on.,"Die Voraussetzung Clarinet Setup Task, von der diese Aufgabe abhängt.",
The sequence number of the template task that this task depends on.,"Die Sequenznummer der Vorlagenaufgabe, von der diese Aufgabe abhängt.",
"These are reference guides, not absolute rules. Use your ear & context.","Dies sind Referenz-Leitungen, nicht absolute Regeln. Verwenden Sie Ihr Ohr & Kontext.",
These fields are managed automatically and cannot be edited: {0},Diese Felder werden automatisch verwaltet und können nicht bearbeitet werden: 0),
This task depends on unfinished tasks: {0},Diese Aufgabe hängt von unvollendeten Aufgaben ab: 0),
Thumb Rest,Ausdauer:,
Thumb Rest Type,Thumb Resttyp,
Time for level to reach ~90% from onset (articulation responsiveness),Zeit für Level bis zu ~90% von Anfang an (Artikulationsreaktionness),
"Time-scrolling log-frequency heatmap (vertical = log f, color = level)","Zeitscrolling log-Frequenz Heatmap (vertical = log f, color = level)",
Timeline,Zeitleiste,
Timestamp,Zeitstempel,
Timestamp when the Approved Count was last set.,"Timestamp, als der zugelassene Zähler zuletzt eingestellt wurde.",
Timestamp when the most recent image processing completed.,"Timestamp, wenn die neueste Bildverarbeitung abgeschlossen.",
Timestamp when work actually completed (often set when status moves to Completed).,"Timestamp, wenn die Arbeit tatsächlich abgeschlossen ist (oft gesetzt, wenn der Status auf abgeschlossen wird).",
Timestamp when work actually started (often set when status moves to Working).,"Timestamp, wenn die Arbeit tatsächlich gestartet wurde (oft gesetzt, wenn der Status sich auf die Arbeit bewegt).",
Title,Bezeichnung,
To Date,Bis-Datum,
Toggle Full Width,Breite wechseln,
Toggle Theme,Theme wechseln,
Tolerance (¢),Toleranz (¢),
Tone Fitness,Toner Fitness,
Tone Hole Inspection Notes,Tone Hole Inspection Notes,
Tone Hole Number,Tonlochnummer,
Tone Hole Number is required.,Tone Hole Nummer ist erforderlich.,
Tone Hole Style,Tone Hole Style,
Tone Hole Visual Inspection,Tone Hole visuelle Inspektion,
Tool,Werkzeug,
Tool Calibration Log,Protokoll zur Werkzeugkalibrierung,
Tool Name,Werkzeugname,
Tool Type,Werkzeugtyp,
Tool Usage Log,Tool-Usage Log,
Tools,Werkzeuge,
Top Joint Pads,Top Joint Pads,
Total Cost,Gesamtkosten,
Total Labor,Insgesamt,
Total Parts,Insgesamt,
Total Requested,Insgesamt beantragt,
Totals,Summen,
Trainer running… stay within tolerance.,Trainer laufen... bleiben in Toleranz.,
Trainer stopped.,Trainer hat aufgehört.,
Transfer Ownership To,Überweisung Eigentum an,
"Trend of cents per second; positive means creeping sharp, negative means flat","Trend der Cents pro Sekunde; positive bedeutet kriechend, negative bedeutet flach",
Tuning & Intonation Notes,Tuning & Intonation Anmerkungen,
Tuning meter: -50 to +50 cents,Messgerät: -50 bis +50 Cent,
Type,Typ,
Type of Clarinet,Art von Clarinet,
Type of Service,Art der Dienstleistung,
Type of setup work being performed.,Art der Setup-Arbeit durchgeführt.,
Type of setup work this template is designed for.,Art der Einrichtungsarbeit ist diese Vorlage für.,
"Typical pad diameter in millimeters (e.g., 9–12 for clarinet). Used to auto‑compute pixel radius bounds.","Typischer Paddurchmesser in Millimetern (z.B. 9–12 für Klarinette). Wird verwendet, um auto-compute Pixel Radius gebunden.",
UOM,Einheit,
Unable to create Instrument Serial Number from value '{0}',"Unfähig, Instrumentenseriennummer vom Wert '{0} zu erstellen '",
Unable to determine Company for the selected Warehouse.,Nicht zu bestimmen Unternehmen für das ausgewählte Warehouse.,
Unable to ensure Instrument Serial Number from legacy Serial No '{0}',"Unfähig, die Seriennummer des Instruments vom Vermächtnis zu gewährleisten '",
Unexpected error while preparing document.,Unerwartete Fehler bei der Erstellung von Dokument.,
Unit,Maßeinheit,
Unit cost used for extended amount calculation.,Stückkosten für erweiterte Betragsberechnung.,
"Unit of Measure for the inventory update, typically 'Nos' or 'Each'.","Maßeinheit für das Inventarupdate, typischerweise 'Nos' oder 'Each'.",
"Unit of Measure for the quantity (e.g., pcs, set, cm).","Maßeinheit für die Menge (z.B. pcs, set, cm).",
Unknown,Unbekannt,
Unverified,Nicht verifiziert,
Update Note,Update Note,
Update Time,Update Time,
Update on your instrument – Intake #{name},Update auf Ihrem Instrument – Aufnahme #{name},
Updating status...,Status aktualisieren...,
Upgrade,Upgrade,
Upgrade Description,Upgrade Beschreibung,
Upload a top‑down photo of the pads on a matte dark background. Keep the ArUco marker flat in the same plane. Shortest image side ≥ 2000 px. Avoid glare and blur.,Hochladen eines Top-down-Fotos der Pads auf einem matten dunklen Hintergrund. Halten Sie die ArUco Marker flach in der gleichen Ebene. kürzeste Bildseite ≥ 2000 px. Vermeiden Sie Blendung und Blendung.,
Uploaded By,Nachgeladen von,
"Uppercased, punctuation-stripped form used for matching","Umhüllte, punktierte Form zur Anpassung",
Urgent,Dringend,
Use ArUco Marker,Verwenden Sie ArUco Marker,
Use a comfortable volume. Avoid feedback by lowering your mic monitor level.,"Verwenden Sie ein komfortables Volumen. Vermeiden Sie Feedback, indem Sie Ihre Mikrofon-Monitor-Ebene senken.",
Use the printable ArUco marker to auto‑set pad size from real‑world millimeters and de‑skew the image.,Benutzen Sie den bedruckbaren ArUco-Marker auf die automatisch eingestellte Padgröße von real‐world Millimetern und de‐skew das Bild.,
"Use the top toolbar buttons: Download/Generate Shooting Kit (PDF), Process Image, Approve Count, and Update Inventory.","Verwenden Sie die Top-Toolbar-Buttons: Download/Generieren Shooting Kit (PDF), Process Image, Approve Count und Update Inventory.",
Used By,Verwendet von,
Used On,Gebraucht,
Used On (Key or Pad),Gebraucht (Schlitten oder Pad),
User Account,Benutzerkonto,
User Forum,Benutzerforum,
User does not have the Technician role.,Der Benutzer hat nicht die technische Rolle.,
User primarily responsible for executing the task.,"Nutzer, die in erster Linie für die Ausführung der Aufgabe verantwortlich sind.",
Using,Verwendung,
Valid From,Gültig ab,
Valid Till,Gültig bis,
Valid Upto,Gültig bis,
Validation Error,Validierungsfehler,
Value,Wert,
Verification,Verifizierung,
Verification Status,Überprüfungsstatus,
Verified By,Überprüft von,
Verified On,Verifiziert auf,
Version,Version,
Vibrato (Hz),Vibrato (Hz),
Vibrato (Hz/Depth),Vibrato (Hz/Depth),
Vibrato Depth (¢),Vibrato Tiefe (¢),
View,Ansicht,
View Tasks,Aufgaben anzeigen,
View Website,Webseite anzeigen,
Visual Inspection,Visuelle Inspektion,
Visual Inspection Findings,Visual Inspection Findings,
Visual Status,Bild und Bild,
"Visual Status (Clean, Damaged, etc.) is required.","Visual Status (Clean, beschädigt, etc.) ist erforderlich.",
Visual Triage & Safety Check,Visuelle Prüfung und Sicherheit Überprüfung,
Visualize (Latest Saved Test),Visualisieren (Letzter Speichertest),
Volume,Volumen,
Warehouse,Lager,
Warehouse where stock will be adjusted. The Company is inferred automatically from this warehouse.,"Lager, wo die Lagerbestände angepasst werden. Das Unternehmen wird von diesem Lager automatisch abgeleitet.",
Warning: Quantity is set to zero. Consider updating if this is unintended.,"Warnung: Die Menge wird auf Null gesetzt. Betrachten Sie die Aktualisierung, wenn dies unbeabsichtigt ist.",
Warranty,Garantie,
Warranty End Date,Garantie Enddatum,
Warranty Expiration (Deprecated),Warranty Expiration (Deprecated),
Warranty Logs,Warranty Logs,
Warranty Modification ID,Garantieänderung ID,
Warranty Start Date,Warrants Startdatum,
Wave,Wellen,
Waveform (Level),Wellenform (Level),
What am I looking at?,Was sehe ich da an?,
What it does,Was es tut,
"When enabled, min/max pixel radius is derived from the pad diameter and the detected marker scale.",Bei aktiviertem min/max Pixel-Radius wird aus dem Pad-Durchmesser und der detektierten Markerskala abgeleitet.,
Whether this template is active and available for use.,Ob diese Vorlage aktiv ist und für den Einsatz zur Verfügung steht.,
Wood Type,Holzart,
Wood/Body Condition,Holz/Körper Zustand,
Work Order Number,Nummer des Arbeitsauftrags,
Work Photos,Fotos von der Arbeit,
Workflow State,Workflow-Status,
"Workflow state: Pending Review → Approved (ready to post) or Needs Fix (retake photo, adjust settings, or reprocess).","Workflow-Zustand: Pending Review → Genehmigt (ready to post) oder Needs Fix (Foto aufnehmen, Einstellungen anpassen oder wieder bearbeiten).",
Working,In Bearbeitung,
Written,Schrift,
Written (transposed),Geschrieben (übersetzt),
Year of Manufacture,Baujahr,
You are not permitted to access this Customer.,Sie dürfen nicht auf diesen Kunden zugreifen.,
You do not have permission to access instruments.,"Sie haben keine Erlaubnis, auf Instrumente zuzugreifen.",
Your instrument has been received – Intake #{name},Ihr Instrument wurde empfangen – Intake #{name},
Your instrument is ready – Intake #{name},Ihr Instrument ist bereit – Intake #{name},
cents,Cent,
day(s),Tag(e),
doctype is required,doctype ist erforderlich,
"finer peaks, more CPU, slightly slower reaction","feinere Spitzen, mehr CPU, etwas langsamere Reaktion",
fs,f),
lab-console,Labor-Konsole,
more rejection in noisy rooms,mehr Ablehnung in lauten Räumen,
more sensitive,mehr empfindlich,
n,n,
param1 (Canny),param1 (Canny),
param2 (Accumulator),param2 (Accumulator),
snappy,knackig,
steadier (slightly higher latency),stabiler (leicht höhere Latenz),
technician_dashboard,Technik &amp; Technik,
there,dort,
within,innerhalb,
