", some use 441–443 Hz.",", algunos usan 441-443 Hz.",
<p><a href='{0}'>View your Intake record</a></p>,No. Ver su registro de admisión realizado / un título seleccionado/p,
<p>Great news! Your instrument has passed final checks and is ready for collection or shipment.</p>,¡Noticias Great! Su instrumento ha pasado los cheques finales y está listo para la recogida o envío.,
"<p>Hi {0},</p>",Identificado Hola.,
<p>Thank you for choosing Artisan Clarinets!</p>,Identificado Gracias por elegir Artisan Clarinets!,
<p>We’ve logged your instrument into our system. You can track progress at any time using the link below.</p>,Identificado Hemos conectado su instrumento a nuestro sistema. Puedes seguir el progreso en cualquier momento utilizando el enlace de abajo.,
<p>Your instrument’s status has been updated to <strong>{0}</strong>.</p>,El estado de su instrumento ha sido actualizado a יstrong confianza{0} seleccionado/strong título.,
A,A,
A Clarinet,A Clarinet,
A serial record with the same value already exists without an Instrument: {0},Un registro de serie con el mismo valor ya existe sin un Instrumento: {0},
A system error has occurred. Technical support has been notified. Please try again later.,"Ha ocurrido un error de sistema. Se ha notificado apoyo técnico. Por favor, intente de nuevo más tarde.",
A4 reference (number),A4 reference (number),
A4 reference (slider),A4 reference (slider),
API,API,
About,Acerca de,
Acceptance Source,Fuente de aceptación,
Acceptance Status,Estado de aceptación,
Accepted,Aceptado,
Accepted By,Aceptado por,
Accepted On,Aceptado,
Accessories & Included Parts,Accesorios Partes,
Accessory,Accesorio,
Accessory ID,Accessory ID,
Accessory description cannot be empty.,La descripción de accesorios no puede estar vacía.,
Accounts User,Usuario de Cuentas,
Acquired Date,Fecha requerida,
Acquisition Cost,Costo de adquisición,
Acquisition Source,Fuente de adquisición,
Acquisition Type,Tipo de adquisición,
Action,Acción,
Action By,Action By,
Actions,Acciones,
Activate,Activar,
Active,Activo,
Actual Cost,Costo real,
Actual End,Final real,
Actual End Date,Fecha Real de Finalización,
Actual End Date cannot be before Actual Start Date.,La fecha final real no puede ser antes de la fecha de inicio real.,
Actual Materials Cost,Costo real de los materiales,
Actual Start,Inicio real,
Actual Start Date,Fecha de inicio actual,
Actual date when setup work started.,Fecha real cuando comenzó el trabajo de configuración.,
Actual date when setup work was completed.,Fecha real cuando se completó el trabajo de configuración.,
Actual materials cost incurred for this setup project.,Costo real de materiales efectuado para este proyecto de configuración.,
Actual total cost incurred for this setup project.,Costo total real incurrido para este proyecto de configuración.,
"Advanced: tweak only if counts are off. For most cases, leave defaults or use Auto Pixel Radius from mm below.","Avanzado: sólo si los recuentos están apagados. Para la mayoría de los casos, deje los defectos o utilice Auto Pixel Radius desde mm abajo.",
Affiliation / Organization,Afiliación / Organización,
All,Todos,
All instrument details live on Instrument,Todos los detalles del instrumento en vivo en Instrumento,
Allow Anonymized Sharing,Permitir Compartir Anonymized,
Amended From,Modificado desde,
Amount,Importe,
An Instrument Inspection already exists for this serial: {0},Una inspección de instrumentos ya existe para esta serie: {0},
An error occurred during automated record creation. Please check system logs or contact an administrator.,"Se produjo un error durante la creación de registros automatizados. Por favor, compruebe los registros del sistema o contacte con un administrador.",
An error occurred while processing your request. Please contact support if this persists.,Se produjo un error al procesar su solicitud. Por favor contacte con soporte si esto persiste.,
Analysis complete,Análisis completo,
Analyzing…,Analizando...,
Analyzing… (unstable pitch),Analizando...,
Another unlinked serial record exists with the same serial number: {0},Otro registro de serie sin conexión existe con el mismo número de serie: {0},
Applies exponential smoothing to pitch to stabilize the needle.,Aplica un suavizado exponencial para lanzar para estabilizar la aguja.,
Approved At,Aprobados en,
Approved Count,Cuenta aprobada,
Apps,Apps,
ArUco Dictionary,ArUco Dictionary,
Archive,Archivar,
Archived,Archivado,
As stamped/engraved/printed on the instrument,Como estampado/ grabado/impresión en el instrumento,
Assigned Technician,Técnico asignado,
Assigned To,Asignado a,
Associated pad map record for reference while performing the setup.,Registro del mapa del pad asociado para referencia mientras realiza la configuración.,
At,At,
Attachments,Adjuntos,
Attack,Ataque,
Attack (ms),Ataque (ms),
Audio/Video Demos,Audio/Video Demos,
Auto Pixel Radius From mm,Auto Pixel Radius De mm,
Auto count from image processing. Always verify against the Processed Preview before approving.,Conteo automático del procesamiento de imágenes. Siempre verificar contra la vista previa procesada antes de aprobar.,
Auto quality gate. Unchecked means blur/lighting/perspective are sub‑optimal—consider retaking the photo.,Puerta de calidad automática. Unchecked significa borrón/luz/perspectiva son sub-optimal—consider reing the photo.,
Auto-create Clarinet Initial Setup,Configuración inicial de Clarinet auto-crear,
Auto-created Pad Map: {0},Mapa de Pad auto-creado: {0},
Auto-populate Failed,Autopopulado Failed,
Auto-populate runs only when both pad tables are empty and the category is recognized (Soprano or Bass).,Auto-popular solo funciona cuando ambas tablas están vacías y la categoría es reconocida (Soprano o Bass).,
Auto-synced from Instrument.current_status,Auto-synced de Instrumento.current_status,
Auto-synced from Instrument.instrument_type or clarinet_type,Auto-synced from Instrument.instrument_type or clarinet_type,
Autocorrelation (Cents),Autocorrelación (Cents),
Automatically generated unique Instrument ID,ID de Instrumento único generado automáticamente,
Automatically generated unique Instrument Profile ID,ID de perfil único de instrumentos generados automáticamente,
Automation & Behavior,Automatización &quot; Comportamiento,
Auto‑generated overlay showing detected pads. Review the green circles to confirm the count before approval.,Superposición generada automáticamente que muestra almohadillas detectadas. Revise los círculos verdes para confirmar el conteo antes de la aprobación.,
Available,Disponible,
Average tuning offset and its short-term variability,Promedio de ajuste offset y su variabilidad a corto plazo,
Awaiting Payment,Awaiting Payment,
Axis,Axis,
Barcode / QR,Código de barras / QR,
Barcode Scan Entry,Entrada de escáner de código de barras,
Barrel,Barrel,
Basic Information,Información básica,
Bass Clarinet (B♭),Bass Clarinet (B sonrisa),
Benchmark / Target,Benchmark / Meta,
Body Material,Material del cuerpo,
Bore Inspection Notes,Bore Inspection Notes,
Bore Measurement (mm),Medición de presión (mm),
Bore Style,Bore Style,
Bore Type / Size,Tipo de boga / tamaño,
Bore Visual Condition,Bore Visual Condición,
Bore Ø (mm),Bore Ø (mm),
Both,Ambos,
Bottom Joint Pads,Bottom Joint Pads,
Brand,Marca,
Brand Mapping Rules,Reglas de Mapping de Marca,
Brand Model • Serial,Modelo de marca • Serie,
Buying Price List,Lista de precios de compra,
By,Por,
B♭,B,
B♭ Clarinet,B bebida Clarinet,
C,C,
CRM,CRM,
Calibrated By,Calibrado por,
Calibration Date,Fecha de calibración,
Cancel,Cancelar,
Canceled,Cancelado,
Canceling a blocked operation is prohibited.,Se prohíbe la cancelación de una operación bloqueada.,
Cancelled,Cancelado,
"Cannot submit. The following items are incomplete:
{0}","No se puede someter. Los siguientes artículos son incompletos:
{0}",
Canny high threshold for Hough pre‑processing. Raise to reduce noise; lower to detect faint edges.,Canny alto umbral para Hough pre-procesamiento. Levante para reducir el ruido; menor para detectar los bordes débiles.,
Capture,Capturar,
Category,Categoría,
Category Name,Nombre Categoría,
Cents Timeline,Cents Timeline,
Certificate created but no file URL returned.,Certificado creado pero no devuelto URL de archivo.,
Certificate generated.,Certificado generado.,
Check,Marcar,
Check if all items pass QA and no critical issues remain.,Compruebe si todos los artículos pasan QA y no quedan problemas críticos.,
Check if this tool requires periodic calibration.,Compruebe si esta herramienta requiere calibración periódica.,
Checklist,Lista de verificación,
Checklist Item,Lista de verificación,
Checklist Items,Lista de verificación Artículos,
"Checklist rows to pre-populate into Clarinet Initial Setup → Checklist (e.g., safety check, leak test).","Lista de verificación de filas para pre-poblar en Clarinet Inicial Setup → Lista de verificación (por ejemplo, control de seguridad, prueba de fuga).",
Child table storing predecessor tasks (dependencies) for a Clarinet Setup Task. Each row links to another task that must be Completed before the current task can proceed.,Plantilla infantil que almacena tareas de predecesor (dependencias) para una tarea de configuración de Clarinet. Cada fila vincula a otra tarea que debe completarse antes de que la tarea actual pueda continuar.,
Child table storing template-level task dependencies. Each row references another template task by sequence number that must be completed before the current template task can proceed.,Apoyo a las dependencias de tareas de nivel de plantilla para los niños. Cada fila hace referencia a otra tarea de plantilla por número de secuencia que debe completarse antes de que la tarea actual de plantilla pueda continuar.,
Child table that defines task templates within a Setup Template. Each row generates a real Clarinet Setup Task with expected schedule and priority when applied to a Clarinet Initial Setup.,Tabla infantil que define plantillas de tareas dentro de una plantilla de configuración. Cada fila genera una verdadera tarea de configuración de Clarinet con el horario esperado y la prioridad cuando se aplica a una configuración inicial Clarinet.,
"Child table used to record materials consumed during clarinet setup/repair. Each row captures item, quantity, unit, rate, and extended amount for costing and documentation.","Tabla infantil utilizada para registrar materiales consumidos durante la configuración de clarinete/reparación. Cada fila captura el elemento, cantidad, unidad, tarifa y cantidad extendida para el costo y la documentación.",
"Choose classic needle, moving strobe bars, or both.","Elija aguja clásica, barras de estrobos móviles, o ambas.",
"Choose how stock should be adjusted: Increase (Material Receipt), Decrease (Material Issue), or No Change (for review only).","Elija cómo se debe ajustar el stock: Aumentar (Recibo Material), Disminuir (Material Issue), o No Cambiar (para revisión solamente).",
"Choose your input device. For best results, disable OS-level noise suppression/AGC for this app.","Elige tu dispositivo de entrada. Para obtener mejores resultados, deshabilitar la supresión de ruido a nivel de OS/AGC para esta aplicación.",
Clarinet Initial Setup,Configuración inicial Clarinet,
Clarinet Intake,Entrada Clarinet,
Clarinet Intake reference is required.,Clarinet Se requiere referencia de admisión.,
Clarinet Model,Modelo Clarinet,
Clarinet Pad Map,Mapa de la plataforma Clarinet,
Clarinet Setup Log,Registro de configuración de Clarinet,
Clarinet Setup Task,Tareas de configuración de Clarinet,
Client,Cliente,
Client Instrument Profile,Perfil del Instrumento Cliente,
Client Repair Preferences,Preferencias de reparación del cliente,
Close,Cerrar,
Closed,Cerrado,
Color,Color,
Comment,Comentario,
Comments,Comentarios,
Communication Preference,Preferencias de comunicación,
Company,Compañía,
Company owning the selected Warehouse. Filled automatically.,Empresa dueña del Almacén seleccionado. Rellenado automáticamente.,
Complete,Completar,
Complete Task,Tareas completas,
Completed,Completado,
Component,Componente,
"Component Ref (Tone Hole, Key, etc.)","Componente Ref (Tone Hole, Key, etc.)",
Concert,Concierto,
Concert (no transposition),Concierto (sin transposición),
Condition,Condición,
Condition & Inspection,Estado de inspección,
Condition / Finding,Estado / Encontrar,
Condition Images,Estado Imágenes,
Condition Logs,Estado Logs,
Condition Notes,Notas de Estado,
Conf,Conf,
Consent Content,Contenido de consentimiento,
Consent Form,Formulario de consentimiento,
Consent Log,Consentimiento Log,
Consent Template,Plantilla de Consentimiento,
Consent Type,Tipo de consentimiento,
Contact,Contacto,
Contact Email,Correo electrónico de contacto,
Contact Phone,Teléfono de Contacto,
Controlled Environment Confirmed,Medio ambiente controlado confirmado,
Controls,Controles,
Controls frequency resolution vs. latency/CPU.,Controla la resolución de frecuencia vs. latencia/CPU.,
Conversion Rate,Tasa de conversión,
Copied Task ID to clipboard.,Copiado ID de tarea para cortar.,
Cork Condition,Estado de corcho,
Could not approve count.,No podía aprobar la cuenta.,
Could not derive a normalized serial from input,No podría derivar una serie normalizada de la entrada,
Could not generate ArUco marker (opencv-contrib required).,No podría generar el marcador ArUco (contribo de ápencv requerido).,
Could not read the attached image.,No podía leer la imagen adjunta.,
Count Logs,Cuenta Logs,
Create,Crear,
Create Clarinet Setup,Crear configuración de Clarinet,
Create Tasks from Template,Crear tareas de la plantilla,
Created From,Creado desde,
Created On,Creado el,
Created To,Creado a,
Created {0} task(s) from template.,Creado {0} tarea(s) de la plantilla.,
Creating Repair Order...,Crear orden de reparación...,
Creating setup...,Creando la configuración...,
Creating tasks...,Crear tareas...,
Currency,Divisa / Moneda,
Current Accessories Log,Accesorios actuales Log,
Current Location,Ubicación actual,
Current Status,Estado actual,
Current lifecycle state of the tool. Managed by workflow automation.,Estado actual del ciclo de vida de la herramienta. Gestionado por automatización de flujos de trabajo.,
Current state of the task within the setup workflow.,Estado actual de la tarea dentro del flujo de trabajo de configuración.,
Current status of this setup project.,Situación actual de este proyecto de configuración.,
Current workflow state of this service plan. Managed by workflow automation.,Flujo de trabajo actual estado de este plan de servicio. Gestionado por automatización de flujos de trabajo.,
Currently Paired,Actualmente emparejado,
Custom,Personalizar,
Customer,Cliente,
Customer Accepted,Cliente aceptado,
Customer Approval,Aprobación del cliente,
Customer Email,Correo electrónico,
Customer Full Name,Nombre completo del cliente,
Customer ID,Identificación del cliente,
Customer Lifetime Value,Valor de la vida del cliente,
Customer Name,Nombre del cliente,
Customer Phone,Teléfono,
Customer Type,Tipo de Cliente,
Customer Upgrade Request,Solicitud de actualización del cliente,
Customer and pricing fields must be empty for New Inventory inspections.,Los campos de clientes y precios deben estar vacíos para las inspecciones del nuevo inventario.,
Customer mismatch with Repair Order {0}.,Desajuste del cliente con la orden de reparación {0}.,
Customer's Stated Issue,Asunto del cliente,
Cycle-to-cycle frequency (%) and amplitude (%) variability; stability proxies,Variabilidad de ciclo a ciclo (%) y amplitud (%); proxies de estabilidad,
D,D,
Daily Playing Schedule Explained,Horario de juego diario explicado,
Damage Observed,Daños observados,
Data,Datos,
Date,Fecha,
Date / Time,Fecha / hora,
Date Given,Fecha dada,
Date Linked,Fecha vinculada,
Date Reported,Fecha informada,
Date and Time of Unboxing,Fecha y hora de unboxing,
Date of Record,Fecha del registro,
Date of Return,Fecha de regreso,
Date of the most recent calibration.,Fecha de la calibración más reciente.,
Date when the next calibration is required for compliance.,Fecha en que se requiere la siguiente calibración para el cumplimiento.,
Days after the Setup Date that the generated task should start (0 = same day).,Días después de la fecha de configuración que la tarea generada debe comenzar (0 = mismo día).,
Default,Predeterminado,
Default Company,Compañía predeterminada,
Default Inspection Warehouse,Default Inspection Warehouse,
Default Item Group,Grupo de artículos predeterminado,
Default Operations,Operaciones por defecto,
Default Priority,Prioridad predeterminada,
Default Source Warehouse,Almacén de origen,
Default Technician,Técnico por defecto,
Default Value,Valor predeterminado,
Default priority level for setups created from this template.,Nivel de prioridad predeterminado para las configuraciones creadas a partir de esta plantilla.,
Default technician for setups using this template.,Técnico predeterminado para configuraciones usando esta plantilla.,
Defaults,Predeterminados,
"Defines reusable defaults for clarinet setup: operations, checklist items, and a list of template tasks. When applied to a Clarinet Initial Setup, this template can populate operations, checklist, and generate scheduled tasks.","Define los defectos reutilizables para la configuración de clarinete: operaciones, elementos de lista de verificación y una lista de tareas de plantilla. Cuando se aplica a una configuración inicial de Clarinet, esta plantilla puede poblar operaciones, lista de verificación y generar tareas programadas.",
Delayed,Retrasado,
Delivered,Enviado,
Depends On,Depende de,
Depends on Sequence,Depende de Secuencia,
Deposit Paid,Depósito Pagado,
Description,Descripción,
Description / Notes,Descripción / Notas,
Desk Tuner,Desk Tuner,
"Detailed procedure, acceptance criteria, measurements, or notes.","Procedimiento detallado, criterios de aceptación, mediciones o notas.",
Details / Notes,Detalles / Notas,
Detected Count,Cuentas detectadas,
Detected Note,Nota detectada,
Detections Meta,Detección Meta,
Diagnostic Metrics,Metrices diagnósticas,
Dictionary used to generate/recognize the marker. Use the same value as printed in your Shooting Kit PDF.,Diccionario utilizado para generar/reconocer el marcador. Utilice el mismo valor que impreso en su kit de tiro PDF.,
Discount (%),Descuento (%),
Discount (%) must be between 0 and 100.,El descuento debe ser entre 0 y 100.,
Discount Amount,Descuento,
Discount Type,Tipo de descuento,
Discount cannot exceed Subtotal.,El descuento no puede exceder la Subtotal.,
Display,Visualización,
Document Name,Nombre de Documento,
Document Type,Tipo de Documento,
Documentation,Documentación,
Draft,Borrador,
Drift,Drift,
Drift (c/s),Drift (c/s),
Due Date,Fecha de vencimiento,
Due This Week,Debido a esta semana,
Duplicate Handling,Manipulación duplicada,
Duplicate Of,Duplicado de,
Duplicate sequence in Template Tasks: {0},Secuencia duplicada en tareas de plantilla: {0},
Duplicate serial for brand '{0}' detected across instruments: {1},Duplicar serie para marca '{0}' detectado a través de instrumentos: {1},
Duplicate serial for this Instrument already exists: {0},Duplicar serie para este Instrumento ya existe: {0},
Duration,Duración,
Dyn,Dyn,
Dyn Range (dB),Dyn Range (dB),
ERPNext Asset,ERPNext Asset,
ERPNext Asset record for this tool (if tracked financially).,ERPNext Registro de activos para esta herramienta (si se rastrea financieramente).,
ERPNext Item to update (must be a Stock Item). Example: 'Clarinet Pad – 10 mm'.,ERPSiguiente artículo para actualizar (debe ser un artículo de stock). Ejemplo: 'Clarinet Pad - 10 mm'.,
ERPNext Serial No (Inventory),ERPSiguiente serie No (Inventario),
Each row must include a Photo.,Cada fila debe incluir una foto.,
Each row must specify Visual Status.,Cada fila debe especificar el estado visual.,
Each row must specify the Tone Hole Number.,Cada fila debe especificar el número de Tone Hole.,
Editing is not allowed while operation is Blocked.,No se permite la edición mientras se bloquea la operación.,
Email,Correo electrónico,
Email Address,Dirección de correo electrónico,
Email Player,Email,
Employee / Technician,Empleado / Técnico,
Employment Status,Situación laboral,
Enable to use the printed ArUco marker for scale and perspective correction. Keep the marker flat in the photo.,Permite utilizar el marcador ArUco impreso para la corrección de escala y perspectiva. Mantenga el marcador en la foto.,
Enabled,Habilitado,
Enhancements,Mejoras,
Entered By,Entrado,
Entry Date,Fecha de entrada,
Environment,Medio ambiente,
Environment Log,Environment Log,
Equipment Preference(s),Preferencias del equipo,
Error,Error,
Error processing tone fitness.,Tratamiento de errores tono fitness.,
Error saving leak test.,Prueba de escape de error.,
Estimated Completion,Conclusión estimada,
Estimated Cost,Costo estimado,
Estimated Hours,Horas estimadas,
Estimated Materials Cost,Costo estimado de los materiales,
Estimated Total Cost,Costo total estimado,
Estimated labor hours required for this setup type.,Horas de trabajo estimadas necesarias para este tipo de configuración.,
Estimated materials cost for this setup project.,Costo estimado de materiales para este proyecto de configuración.,
Estimated materials cost for this setup type.,Costo estimado de materiales para este tipo de configuración.,
Estimated total cost for this setup project.,Costo total estimado para este proyecto de configuración.,
Estimated total cost including labor and materials.,Costo total estimado incluyendo mano de obra y materiales.,
Estimated vibrato rate and approximate depth in cents,Tasa de vibrato estimada y profundidad aproximada en centavos,
Estimates & Defaults,Estimaciones &quot; Por defecto,
"Event log: processing runs, approvals, and inventory postings with user and timestamp.","Registro de eventos: procesamiento de carreras, aprobaciones y publicaciones de inventario con usuario y timetamp.",
Excellent,Excelente,
Expected End,Final esperado,
Expected End Date,Fecha de finalización prevista,
Expected End Date cannot be before Expected Start Date.,Fecha final esperada no puede ser antes de la fecha de inicio esperada.,
Expected End cannot be earlier than Expected Start.,Se prevé El fin no puede ser antes de lo esperado.,
Expected Return Date,Fecha de regreso prevista,
Expected Start,Inicio previsto,
Expected Start Date,Fecha prevista de inicio,
Expected Start Date or Setup Date is required to create tasks.,Fecha de inicio esperada o fecha de configuración es necesaria para crear tareas.,
Expected Start Offset (days),Inicio esperado Offset (días),
Expected completion date for this setup project.,Fecha de finalización prevista para este proyecto de configuración.,
Expected start date for this setup project.,Fecha de inicio prevista para este proyecto de configuración.,
Expired,Expirado,
Extended line amount (qty × rate). Kept read-only; computed server-side and mirrored client-side.,Cantidad de línea extendida (tamaño qty ×). Se mantuvo solo lectura; el lado del servidor computado y el lado del cliente espejo.,
External Work Logs,Registros de trabajo externos,
E♭,E bebe,
E♭ Clarinet,E bebida Clarinet,
FFT,FFT,
FFT Size,FFT Tamaño,
Failed,Falló,
Failed to attach files to the document.,Failed to attach files to the document.,
Failed to create or submit Stock Entry.,Failed to create or submit Stock Entry.,
Failed to load default operations. Please contact an administrator.,"Failed to load default operations. Por favor, contacte con un administrador.",
Failed to persist results.,No persistió en los resultados.,
Failed to save impedance snapshot.,Failed to save impedance snapshot.,
Failed to save intonation session.,Failed to save intonation session.,
Fast,Rápido,
Fetching linked Person…,Trayendo a Persona vinculada...,
Field Label,Field Label,
Field Type,Tipo de campo,
Field Values,Valores sobre el terreno,
Final Comments,Observaciones finales,
Final Qa Checklist,Lista final de verificación de Qa,
First Name,Primer Nombre,
Float,Coma Flotante,
Found existing Pad Map: {0},Existencias Mapa de Pad: {0},
Frappe Support,Soporte de Frappe,
"Free‑form notes for this intake (e.g., photo conditions, pad sizes mix, any anomalies).","Notas de forma gratuita para esta ingesta (por ejemplo, condiciones de foto, mezcla de tamaños de pad, cualquier anomalía).",
Friendly name for this intake. Use something meaningful like 'Bb Clarinet Pads – Bench 2 – 2025‑08‑20'.,Nombre amistoso para esta ingesta. Use algo significativo como 'Bb Clarinet Pads – Bench 2 – 2025‐08‐20'.,
From Date,Desde la fecha,
Fs,Fs,
Full Name,Nombre completo,
G#/A Key Connection,G#/A Conexión clave,
Gaussian Blur (odd),Gaussian Blur (odd),
General Information,Información general,
General Notes,Notas generales,
Generate Certificate (PDF),Generar certificado (PDF),
Generating certificate...,Generando certificado...,
Generating pad map...,Generando mapa de pad...,
Good! Hold,¡Bien! Espera.,
Grand Total,Total,
Hann-windowed FFT shown on a logarithmic frequency axis for better peak separation,Hann-windowed FFT mostrada en un eje de frecuencia logarítmica para una mejor separación pico,
Harmonics H1–H10,Armonía H1–H10,
Headline,Título,
Hidden,Oculto,
High,Alto,
High-frequency content ratio; proxy for mechanical/noise floor,ratio de contenido de alta frecuencia; proxy para suelo mecánico / ruidoso,
Higher values reveal quieter harmonics; lower values increase contrast,Los valores superiores revelan armónicos más silenciosos; los valores inferiores aumentan el contraste,
Hire Date,Fecha de inscripción,
Hiss Index,Índice,
History,Historia,
Hold,Mantener,
Hold Goal (s),Hold Goal (s),
Hold progress,Progresos realizados,
Hough Circles inverse ratio of accumulator to image resolution. 1.2–2.0 is typical; lower can improve sensitivity.,Hough Circles inverse ratio of accumulator to image resolution. 1.2–2.0 es típico; menor puede mejorar la sensibilidad.,
Hough accumulator threshold. Higher = fewer detections (more strict). Lower if pads are missed.,umbral acumulador. Más alto = menos detección (más estricta). Bajo si se pierden las almohadillas.,
Hough dp,Hough dp,
Hours,Horas,
Hours (if Labor),Horas (si el trabajo),
Human‑verified final count. This drives the inventory delta by default. Edit if the preview missed or over‑counted any pads.,Cuenta final verificada por humanos. Esto conduce el delta del inventario por defecto. Editar si la vista previa se perdió o superó cualquier almohadilla.,
Hygrometer Reading Photo,Foto higrómetro,
Identity,Identidad,
Idx,Índice,
"If enabled, indicates this is a grouping node (usually not directly actionable).","Si está habilitado, indica que es un nodo de agrupación (normalmente no directamente accionable).",
Ignores very quiet input to avoid false detections.,Ignora insumos muy silenciosos para evitar falsas detecciones.,
Image processing failed. Please verify image quality and try again.,"El procesamiento de imágenes falló. Por favor, verifique la calidad de la imagen e intente de nuevo.",
In List View,En vista de lista,
In Progress,En Progreso,
In Service,Servicios,
In Transit,En Transito,
Inactive,Inactivo,
Initial Assessment Notes,Notas de evaluación iniciales,
Initial Condition Notes,Notas de estado inicial,
Initial Intake Photos,Inicial Intake Photos,
Initial Relative Humidity (%),Humedad relativa inicial (%),
Initial Setup,Configuración inicial,
Initial Temperature (°C),Temperatura inicial (°C),
Input level,Nivel de ingresos,
Insights,Insights,
Inspected By,Inspeccionado por,
Inspection,Inspección,
Inspection Date,Fecha de inspección,
Inspection Reference,Referencia de inspección,
Inspection Type,Tipo de inspección,
Inspection Type Name (Inventory),Nombre del tipo de inspección (inventario),
Inspection Type Name (Repair/Maintenance),Nombre del tipo de inspección (Reparación/Mantenimiento),
Instrument,Instrumento,
Instrument '{0}' not found.,Instrumento no encontrado.,
Instrument Category,Instrumento de categoría,
Instrument Condition,Instrumento Estado,
Instrument Delivered to Customer,Instrumento entregado al cliente,
Instrument ID,Instrument ID,
Instrument ID is required,Se requiere identificación de instrumentos,
Instrument Information,Información sobre instrumentos,
Instrument Inspection,Inspección de instrumentos,
Instrument Inspection created without a Serial No link because the field is configured as Link → 'Serial No' and no ERPNext Serial No exists. Please migrate the field to Link → 'Instrument Serial Number' for full compatibility.,Inspección de instrumentos creada sin serie No hay vínculo porque el campo está configurado como Enlace → 'Serial No' y ningún ERPSiguiente Serial No existe. Por favor migra el campo a Enlace → 'Número de serie de la infraestructura' para la compatibilidad completa.,
Instrument Inventory Report,Instrument Inventory Report,
Instrument Item Code,Código del artículo,
Instrument Key,Instrumento clave,
Instrument Model,Modelo de instrumento,
Instrument Model ID,Instrumento modelo ID,
Instrument Photos,Instrumento,
Instrument Profile,Perfil de instrumentos,
Instrument Profile ID,Perfil del Instrumento,
Instrument Rested Min. 4 Hours Before Handling,Instrumento Rested Min. 4 horas antes de manipular,
Instrument Serial Number,Número de serie de instrumentos,
Instrument Service History,Historial del servicio de instrumentos,
Instrument Setup,Configuración de instrumentos,
Instrument Status,Estado,
Instrument Type,Tipo de instrumento,
Instrument is required.,Se requiere un instrumento.,
Instrument mismatch with Repair Order {0}.,Desigualdad de instrumentos con la orden de reparación {0}.,
Instrument record for context (auto-filled from parent where possible).,Registro de instrumentos para contexto (auto-filled from parent where possible).,
Instrument {0} not found,Instrumento no encontrado,
Instruments Currently Owned,Instrumentos actualmente en vigor,
Int,Int,
Intake,Entrada,
Intake Date & Time,Fecha de entrada,
Intake Naming Series,Intake Naming Series,
Intake Record ID,Identificación de registro,
Intake Type,Tipo de admisión,
Interaction Logs,Logros de interacción,
Interaction Type,Tipo de interacción,
Internal identifier for this template (kept unique and set only once).,Identificador interno para esta plantilla (que se mantiene único y se establece sólo una vez).,
Intonation,Intonación,
Invalid operation type specified.,Tipo de operación inválido especificado.,
Invalid status: {0},Estado inválido: {0},
Inventory,Inventario,
Inventory Action,Inventory Action,
Inventory Delta,Inventory Delta,
Inventory Delta must be non-zero to proceed.,El Delta del Inventario debe ser no cero para proceder.,
Is Active,Está activo,
Is Group,Es un grupo,
Is Open Key,Es llave abierta,
Is Secondary Pad,Es Pad Secundaria,
Is this a secondary pad? (Secondary pads are the pads that are controlled by anything but the players finger. E.g. The LH2 is a secondary key when the RH1 is pressed for 1-and-1,¿Es una almohadilla secundaria? (Las almohadillas son las almohadillas que son controladas por cualquier cosa excepto el dedo de los jugadores. Por ejemplo. El LH2 es una llave secundaria cuando el RH1 es presionado por 1 y 1,
Issue,Incidencia,
Issue Description,Edición,
Issued,Emitido,
Issued Date,Fecha publicada,
Issued To (Customer),A (Customer),
Item,Producto,
Item Code,Código del Producto,
Item Name,Nombre del Producto,
Item and Warehouse are required.,El artículo y el almacén son necesarios.,
Item {0} does not exist.,El artículo {0} no existe.,
Items,Productos,
"JSON file with detection details (x, y, r, confidence, method, quality metrics). Useful for audit and troubleshooting.","Archivo JSON con detalles de detección (x, y, r, confianza, método, métricas de calidad). Útil para auditoría y solución de problemas.",
Jitter (%),Jitter (%),
Jitter/Shimmer,Jitter/Shimmer,
Just Intonation (generic offsets),Just Intonation (generic offsets),
Kept for backward compatibility; use warranty_end_date,Guardado para compatibilidad con retroceso; use guarantee_end_date,
Key,Clave,
Key Height (mm),Altura clave (mm),
Key Height Preference,Preferencia de altura clave,
Key Plating,Placa clave,
Key System,Sistema clave,
Key performance metrics,métricas de rendimiento clave,
Keyboard Shortcuts,Atajos de teclado,
Keywork Condition,Estado clave,
Keywork Plating,Teclado,
Lab,Lab,
Lab Console,Consola de laboratorio,
Lab Results,Resultados del laboratorio,
Lab Technician,Técnico de Laboratorio,
Lab Test not found,Lab Test no encontrado,
Labels & Mapping,Etiquetas &quot; Mapping,
Labor Hours,Horas laborales,
Larger sizes,Gran tamaño,
Last Active,Último Activo,
Last Calibrated,Última calibrada,
Last Intake Date,Última fecha de admisión,
Last Name,Apellido,
Last Visit Date,Fecha de la última visita,
Leak,Leak,
Ligature,Ligadura,
Line Items,Temas de línea,
Link to the Stock Entry created by Update Inventory. Click to open the voucher.,Enlace a la entrada de stock creada por el inventario de actualización. Haga clic para abrir el vale.,
Linkage,Enlace,
Listening… (play a sustained note),Escuchando... (tomar una nota sostenida),
"Live DSP readouts for stability, timbre, and intonation. Hover charts to interpret shape and trend; use Dyn Range to reveal quieter content.","Salidas DSP en vivo para estabilidad, timbre e intonación. Hover gráficos para interpretar la forma y la tendencia; utilizar Dyn Range para revelar contenido más silencioso.",
Live View,Vista en vivo,
Load Operations from Template,Operaciones de carga de la plantilla,
Loaded {0} operation(s) and {1} checklist item(s) from template.,Cargado {0} operación(s) y {1} elementos de lista de verificación(s) de plantilla.,
Loading operations...,Cargando operaciones...,
Loaner Instrument,Instrumento de préstamo,
Loaner Record,Loaner Record,
Loaner Return Check,Regreso de préstamo,
Loaner Serial Number,Número de serie de préstamos,
Loaner Status,Estado del préstamo,
Location,Ubicación,
Log Entries,Entradas de registro,
Log Entry,Entrada,
Log Freq,Log Freq,
Log Time,Hora de la sesión,
Log bins,Botones de registro,
Log out,Cerrar sesión,
Logged By,Logged by,
Logs,Registros,
Lost,Perdido,
Low,Bajo,
Mailing Address,Dirección de correo,
Maintenance,Mantenimiento,
Manual Note,Nota manual,
Manufacturer,Fabricante,
Map to stock Serial No when the unit is on your books,Mapa a stock Serial No cuando la unidad está en tus libros,
Mapped Brand,Mapped Brand,
Mark this as a duplicate of another serial record,Marca esto como un duplicado de otro registro de serie,
Marker Side Length (mm),Marcador Longitud lateral (mm),
Marketing Photo Gallery,Galería de fotos de marketing,
Material Usage,Uso del material,
Material Used,Material utilizado,
Materials Used,Materiales utilizados,
Max Radius (px),Max Radius (px),
"Maximum pad radius in pixels. If using Auto Pixel Radius from mm, this updates automatically after processing.","Radio de almohadilla máxima en píxeles. Si utiliza Auto Pixel Radius a partir de mm, esto actualiza automáticamente después del procesamiento.",
Mean Cents,Medios Cents,
Mean/Std Cents,Centes de significación/estd,
Meantone (1/4-comma),Meantone (1/4-comma),
Measurement,Medición,
Measurement Session,Sesión de medición,
Measurement Type,Tipo de medición,
Measurements,Medidas,
Media & Photos,Medios de comunicación,
Medium,Medio,
Meta,Meta,
Method,Método,
Metric,métrica,
Microphone,Microfono,
Microphone error. Check permissions and input device.,Error de micrófono. Compruebe los permisos y el dispositivo de entrada.,
Min Radius (px),Min Radius (px),
"Minimum pad radius in pixels. If using Auto Pixel Radius from mm, this updates automatically after processing.","Radio de almohadilla mínima en píxeles. Si utiliza Auto Pixel Radius a partir de mm, esto actualiza automáticamente después del procesamiento.",
Missing required field(s) for New Inventory: {0},Falta de campo(s) requerido para el Nuevo Inventario: {0},
Model,Modelo,
Model this template is designed for (used for pad maps and model-specific defaults).,Modele esta plantilla está diseñada para (utilizada para mapas de pad y defectos de modelo específicos).,
Modification Date,Fecha de modificación,
Modified By,Modificado por,
Mouthpiece,Boquilla,
My Open Tasks,Mis tareas abiertas,
My Profile,Mi Perfil,
My Settings,Mis ajustes,
Name,Nombre,
Naming Series,Secuencias e identificadores,
Navigate,Navigate,
Needle,Needle,
New,Nuevo,
New End Date,Fecha final,
New Session…,Nueva sesión...,
New Start Date,Fecha de inicio,
Newsletter Subscription,Suscripción,
Next Calibration Due,Next Calibration Due,
No Default Operations found in the selected Setup Template.,No Operaciones por defecto encontradas en la plantilla de configuración seleccionada.,
No Template Tasks found on the selected Setup Template.,No hay tareas de plantilla encontradas en la plantilla de configuración seleccionada.,
No player profile linked to this user.,No hay perfil de jugador vinculado a este usuario.,
No recording provided.,No se proporciona ninguna grabación.,
Noise Gate,Noise Gate,
Normalize Sequence,Normalizar la secuencia,
Normalized Serial,Serie normalizada,
Normalized Serial could not be derived from the Serial Number.,La serie normalizada no podría derivarse del número de serie.,
Not permitted,No permitido,
Notes,Notas,
Nothing to do,Nada que hacer,
Notify User on Stock Issues,Notify User on Stock Issues,
No‑ML Calibration,Calibración No-ML,
Number of Keys/Rings,Número de llaves / anillos,
Nyquist,Nyquist,
OK,Aceptar,
"Observations, environmental conditions, or session comments.","Observaciones, condiciones ambientales o comentarios de sesión.",
Odd/Even,Odd/Even,
Odd/Even (dB),Odd/Even (dB),
Off (Equal Temperament),Off (Equal Temperament),
Old End Date,Old End Date,
Old Start Date,Fecha de inicio anterior,
On Hold,En espera,
Only Technicians can record impedance data.,Sólo los técnicos pueden registrar datos de impedancia.,
Only Technicians can record intonation.,Sólo los técnicos pueden registrar la intonación.,
Open,Abrir/Abierto,
Open Gantt,Abrir Gantt,
OpenCV (contrib) is required to generate the ArUco marker (package: opencv-contrib-python).,OpenCV (contrib) es necesario para generar el marcador ArUco (paquete: opencv-contrib-python).,
Operation,Operación,
Operation Template,Plantilla de operación,
Operation Type,Tipo de operación,
"Operation type must be Inventory, Maintenance, or Repair.","El tipo de operación debe ser Inventario, Mantenimiento o Reparación.",
Operations Performed,Operaciones realizadas,
Operations loaded.,Operaciones cargadas.,
Operations to pre-populate into Clarinet Initial Setup → Operations Performed. Each row describes a standard operation you routinely perform.,Operaciones para pre-poblar en la configuración inicial Clarinet → Operaciones realizadas. Cada fila describe una operación estándar que realizas rutinariamente.,
Optional color tag for visual grouping in list and Kanban views.,Etiquetas de color opcional para agrupación visual en lista y vistas de Kanban.,
Optional item description shown on the certificate or internal reports.,Descripción del artículo opcional que figura en el certificado o los informes internos.,
Optional notes that will be copied to the generated Clarinet Setup Task.,Notas opcionales que serán copiadas a la tarea de configuración de Clarinet generada.,
Optional parent group task (for hierarchical grouping).,Tareas opcionales de grupo padre (para agrupación jerárquica).,
"Ordering hint for task lists and generation from templates (use spaced values like 10, 20, 30 to allow inserts).","Pedir sugerencias para listas de tareas y generación de plantillas (utiliza valores espaciados como 10, 20, 30 para permitir insertar).",
"Ordering number used when generating tasks (e.g., 10, 20, 30).","Número de pedido utilizado cuando se generan tareas (por ejemplo, 10, 20, 30).",
Other,Otro,
Outside tolerance,Tolerancia exterior,
Overall Condition,Estado general,
Overall Passed,Pasos generales,
Overall Progress,Progresos generales,
Overdue,Atrasado,
Overview,Visión general,
Owner,Propietario,
Owner Name,Nombre del propietario,
PDF generation failed (install 'reportlab').,La generación de PDF falló (instalar 'reportlab').,
Pad Condition,Pad Estado,
Pad Diameter (mm),Diámetro de Pad (mm),
Pad ID,ID de Pad,
Pad Map,Mapa de Pad,
Pad Name,Nombre del Pad,
Pad Position,Posición,
Pad Type,Tipo de Pad,
Pad Type (Current),Tipo de Pad (Current),
Pad map auto-populated.,Pad mapa auto-poblado.,
"Pad map prepared (unsaved). Review, then Save.","Pad mapa preparado (sin guardar). Revisa, entonces Guarda.",
Parameter,Parámetro,
Parent Pad,Parent Pad,
Parent Task,Tarea Padre,
Parent Task's Subject,Tema de la tarea del padre,
"Parent clarinet setup record this task belongs to. Used for filtering, progress roll-up, and navigation.","Parent clarinet setup record esta tarea pertenece a. Se utiliza para filtrar, aumentar el progreso y navegar.",
Part Code,Código de Parte,
Passed,Aprobado,
Passed?,¿Pasado?,
Pause Task,Pause Task,
Paused,Pausado,
Peak-picked near multiples of f0 for robust harmonic levels,Peak-picked cerca de múltiples de f0 para niveles armónicos robustos,
Pending,Pendiente,
Pending Review,Pendiente de revisar,
Percent Complete,Percent Complete,
Percent Complete must be between 0 and 100,Percent Complete debe estar entre 0 y 100,
Percent complete for this task. Automatically set to 100% when status is Completed; contributes to parent roll-up.,Porcentaje completo para esta tarea. Se establece automáticamente al 100% cuando se completa el estado; contribuye a la implantación de los padres.,
Percentage,Porcentaje,
Performed By,Realizado por,
Performed By (Shop Name),Realizado por (Nombre del botón),
Periodicity in cents over time; peaks in 4–8 Hz region indicate vibrato,Periodicidad en centavos con el tiempo; picos en 4-8 Región Hz indican vibrato,
Phone,Teléfono,
Phone Number,Número de teléfono,
Photo,Foto,
Photo Timestamp,Foto Timestamp,
Photo attachment is required for each tone hole inspection.,Para cada inspección de los agujeros de tono se requiere un accesorio fotográfico.,
Photos at Return,Fotos de regreso,
"Physical side length of the printed marker in millimeters (e.g., 50). This ensures millimeter‑accurate pixel scaling.","Longitud del lado físico del marcador impreso en milímetros (por ejemplo, 50). Esto garantiza un escalado de píxel milimétricamente preciso.",
Pitch Display,Pantalla Pitch,
Pitch Standard,Pitch Standard,
Plan Date,Fecha del plan,
Plan Status,Situación del Plan,
Planned Tasks,Tareas previstas,
Planned duration in days for the generated task (at least 1).,Duración prevista en días para la tarea generada (al menos 1).,
Planned end date. Must be on/after Expected Start. Enables Gantt view.,Fecha final prevista. Debe estar en/después del inicio esperado. Permite la vista Gantt.,
Planned start date. Enables Gantt view.,Fecha de inicio prevista. Permite la vista Gantt.,
Planning,Planificación,
Planning notes or special instructions for this service plan.,Notas de planificación o instrucciones especiales para este plan de servicio.,
Play Tone,Jugar Tone,
Player Level,Nivel de jugador,
Player Profile,Perfil del reproductor,
Player Profile ID,ID de perfil de reproductor,
Player marketing interests updated,Intereses de marketing de jugadores actualizados,
Player subscribed to newsletter,Jugador suscrito a newsletter,
Players & Instruments,Jugadores &amp; Instrumentos,
Please attach a photo first.,"Por favor, adjunta una foto primero.",
"Please only input the type of material of the pad. (E.g. Leather, Cork, Double-Skin, GoreTex, etc.)","Por favor, sólo introduzca el tipo de material de la almohadilla. (por ejemplo, cuero, corcho, doble piel, goreTex, etc.)",
Please select a Setup Template first.,Por favor seleccione una plantilla de configuración primero.,
Please set Review Status to Approved before updating inventory.,Sírvase establecer el estado de examen aprobado antes de actualizar el inventario.,
Portal,Portal,
Possible duplicates detected.,Posibles duplicados detectados.,
Posting Date,Fecha de Contabilización,
Predecessor tasks that must be Completed before this task can proceed. Each row links to another Clarinet Setup Task.,Las tareas previas que deben completarse antes de que esta tarea pueda continuar. Cada fila se une a otra tarea de configuración de Clarinet.,
Preferred Name,Nombre preferente,
Preferred Pad Type,Pad preferente Tipo,
Preliminary Estimate,Estimación preliminar,
Prepared By,Preparado por,
Preview,Vista Previa,
Preview Task Schedule,Lista de tareas previa,
Previous Repairs,Reparaciones anteriores,
Primary Email,Correo principal,
Primary Phone,Teléfono principal,
Primary Playing Style(s),Estilo(s) de juego primario(s),
Primary Profile?,Perfil primario?,
Primary Teacher / Mentor,Maestro primario / Mentor,
Print Format '{0}' is missing or not linked to {1}. Reload the print format files.,Print Format '{0}' está perdido o no vinculado a {1}. Recarga los archivos de formato impreso.,
Priority,Prioridad,
Priority for scheduling and triage.,Prioridad para la programación y triage.,
Priority level for this setup project.,Nivel de prioridad para este proyecto de configuración.,
Priority to apply to the generated task.,Prioridad para aplicar a la tarea generada.,
Processed At,Procesado en,
Processed Preview,Previsión procesada,
Processing Params,Parámetros de procesamiento,
Profile Creation Date,Fecha de creación del perfil,
Profile Image (Hero Shot),Imagen del perfil (Hero Shot),
Profile Status,Perfil,
Profile Type,Tipo de perfil,
Profile synced,Perfil sincronizado,
Progress,Progreso,
Project Details,Detalles del proyecto,
Project Information,Project Information,
Project Timeline,Calendario del proyecto,
"Projects-like task used to track clarinet setup/repair work for a single instrument. Supports scheduling, priority, dependencies, progress roll-up to the parent Clarinet Initial Setup, and Gantt/Kanban list modes.","Proyectos-como tarea utilizada para rastrear la configuración de clarinete/reparación de trabajo para un solo instrumento. Apoya la programación, la prioridad, las dependencias, la puesta en marcha de los progresos hacia la configuración inicial de Clarinet y los modos de lista Gantt/Kanban.",
Promise Date,Fecha prometida,
Promised Completion Date,Fecha de terminación prometida,
Provide either profile or instrument,Proporcionar perfil o instrumento,
Provide instrument or profile,Proporcionar instrumento o perfil,
Pulse Update,Actualización de pulsos,
Purchase,Compra,
Purchase Date,Fecha de compra,
Purchase Order,Órdenes de Compra,
Purchase Receipt,Recibos de Compra,
QA,QA,
QA Checklist,Lista de verificación de QA,
QA Reports,QA Reports,
QA Technician,QA Technician,
QA workflow state; managed automatically.,QA estado de flujo de trabajo; gestionado automáticamente.,
QC Certificate,Certificado QC,
Qty,Cant.,
Quality Assurance,Garantía de calidad,
Quality OK,Calidad,
Quantity,Cantidad,
Quantity cannot be negative.,La cantidad no puede ser negativa.,
Quantity consumed.,Cantidad consumida.,
Quantity must be greater than zero.,La cantidad debe ser mayor que cero.,
Quantity to post to stock. Defaults to Approved Count. You may override for partial postings or adjustments.,Cantidad a publicación a stock. Defaults to Approved Count. Puede anularse por correos parciales o ajustes.,
Quotation Date,Fecha de calificación,
Quoted Work,Trabajo calificado,
RH (%),RH (%),
Rate,Precio,
Rate ($/hr),Tasa (hora),
Rating,Clasificación,
Raw serial string from Instrument.serial_no,Cadena en serie cruda de Instrument.serial_no,
Raw time-domain view; good for onset/attack inspection,Vista de tiempo cruda; buena para la inspección de inicio/ataque,
Read Only,Sólo lectura,
Ready,Listo,
Real-Time Analysis Console,Consola de análisis en tiempo real,
Reason,Razón,
Receipt / Proof of Service,Recepción / Prueba de servicio,
Received,Recibido,
Recent tuning error history with mean/std/drift,Historial de error de ajuste reciente con media/std/drift,
Recorded By,Grabado por,
Recording file too large (>20MB).,Archivo de grabación demasiado grande (>20MB).,
Recording missing or too short.,Grabando falta o demasiado corto.,
Reed Brand,Reed Brand,
Reed Match,Reed Match,
Reed Model,Modelo de caña,
Reed Strength,Reed Strength,
Reference,Referencia,
Reference DocType,DocType de referencia,
Reference Doctype,Referencia a 'DocType',
Reference Name,Nombre Referencia,
Reference Tone & Trainer,Tono de referencia,
"Reference tone is emitted at CONCERT pitch. For written instruments, adjust mentally or switch Display.","El tono de referencia se emite en el campo CONCERT. Para instrumentos escritos, ajustar mentalmente o cambiar la pantalla.",
Referral Source,Fuente de referencia,
Rejected,Rechazado,
Related Instrument,Instrumento conexo,
Relationship to Client,Relación con el cliente,
Relative strength of odd vs. even harmonics; timbre proxy,Fuerza relativa de extraño vs. incluso armónicos; proxy timbre,
Reload,Recargar,
Remarks,Observaciones,
Removed Date,Fecha eliminada,
Reopen,Reabrir,
Reopen Task,Tareas reabiertas,
Repair,Reparar,
Repair Activity This Month,Actividad de reparación Este mes,
Repair Details,Detalles de la reparación,
Repair Estimate,Estimación,
Repair Feedback,Reparación de retroalimentación,
Repair History,Historia de reparación,
Repair Issue,Cuestión de reparación,
Repair Logging,Reparación de registros,
Repair Notes,Notas de reparación,
Repair Order,Orden de reparación,
Repair Order Created,Orden de reparación Creado,
Repair Portal,Portal de reparación,
Repair Portal Settings,Ajustes del Portal de Reparación,
Repair Pulse,Pulso de reparación,
Repair Reference,Referencia de reparación,
Repair Request,Solicitud de reparación,
Repair Request not specified,Solicitud de reparación no especificada,
ReportLab is required to create PDFs (package: reportlab).,ReportLab es necesario para crear PDFs (paquete: reportlab).,
Requested Upgrades,Actualizaciones solicitadas,
Requests,Solicitudes,
Require Instrument Inspection on Intake,Require Instrument Inspection on Intake,
Required,Necesario,
Required Fields,Campos obligatorios,
Requires Calibration?,¿Requiere calibración?,
Reset,Reiniciar,
Resolve,Resolver,
Resolved,Resuelto,
Resolved Item,Tema resuelto,
Resonance (ESS),Resonancia (ES),
Restore,Restaurar,
Retired,Retirada,
Returned,Devuelto,
Returned to Customer,Regresado al Cliente,
Review Status,Situación de examen,
Rounded Total,Total redondeado,
Running,Ejecutando,
SMS,SMS,
Sales,Venta,
Sales Manager,Gerente de ventas,
Sales User,Usuario de ventas,
Sample Rate,Tasa de muestreo,
Samples,Muestras,
Save & Analyze,Save &amp; Analyze,
Saved. Analysis started.,Salvado. El análisis comenzó.,
Scan Context,Scan Context,
Scan Time,Tiempo de exploración,
Scanned Barcode,Código de barras escaneados,
Scheduled,Programado,
Scheduled Date,Fecha prevista,
Seal Status,Estado del sello,
Section,Sección,
Select a Setup Template first.,Seleccione una plantilla de configuración primero.,
Select microphone,Seleccione el micrófono,
Selected Item is not a stock item.,Elemento seleccionado no es un artículo de stock.,
Selling Price List,Lista de precios de venta,
Send to Review,Enviar a la revisión,
Seq,Seq,
Sequence,Secuencia,
Sequence normalized.,Secuencia normalizada.,
Serial Identity,Identidad en serie,
Serial No,Números de Serie,
Serial No.,Serie No.,
Serial Number,Número de serie,
Serial Number Verification & Status,Verificación del número de serie &quot; Estado,
Serial Number is required.,Número de serie es necesario.,
Serial Photo,Foto en serie,
Serial Source,Fuente de serie,
Serial already exists on other instrument(s). Consider linking this record or using 'Duplicate Of'.,Serial ya existe en otros instrumentos. Considere vincular este registro o usar 'Duplicate Of'.,
Serial input is required,Se requiere entrada en serie,
Serial number of the instrument being serviced (traceability).,Número de serie del instrumento en servicio (trazabilidad).,
Serial/ID,Serie/ID,
Service Date,Fecha del servicio,
Service Description,Descripción del servicio,
Service Photo Log,Service Photo Log,
Service Plan,Plan de servicios,
Service Planning,Planificación de servicios,
Service Task,Tareas de servicios,
Service Type,Tipo de servicio,
Service Type Requested,Tipo de servicio solicitado,
Session,Período de sesiones,
Session Defaults,Valores predeterminados de sesión,
Session status: controls lab and QA review visibility.,Estado de la sesión: controla la visibilidad del laboratorio y el examen de QA.,
Sets the transposition for written vs. concert pitch display.,Establece la transposición para la pantalla de conciertos escrita vs..,
Sets the vertical range for Spectrum/Spectrogram.,Establece el rango vertical para Spectrum/Spectrogram.,
Settings,Configuración,
Setup,Configuración,
Setup Content,Contenido de configuración,
Setup Date,Fecha de creación,
Setup ID,ID de configuración,
Setup Logs,Registros de configuración,
Setup Logs & Notes,Registros de configuración &gt; Notas,
Setup Notes,Notas de configuración,
Setup Template,Plantilla de configuración,
Setup Type,Tipo de configuración,
Setup Type is required for project template.,Tipo de configuración es necesario para la plantilla de proyecto.,
Setup awaiting quality review.,Configuración en espera de revisión de calidad.,
Setup project completed successfully.,Proyecto de configuración completado con éxito.,
Setup project in progress.,Proyecto de configuración en marcha.,
Setup project is on hold.,El proyecto de configuración está en espera.,
Setup project was cancelled.,El proyecto de configuración fue cancelado.,
Shimmer (%),Shimmer (%),
Shipping,Envío,
Shooting kit generated and attached.,Kit de disparo generado y conectado.,
Shop-applied scan code (optional),Código de escaneo aplicado por la tienda (opcional),
"Short, action-oriented title for the task (e.g., “Set key heights – upper joint”).","Título corto, orientado a la acción para la tarea (por ejemplo, “Alturas clave – articulación superior”).",
Show Liked Instruments,Show Liked Instruments,
Show On,Show On,
Show Owned Instruments,Mostrar instrumentos propios,
Show in Portal,Mostrar en Portal,
Shows guideline ticks at typical pure interval offsets (relative to Equal Temperament).,Muestra garrapatas de directriz en los típicos offsets de intervalo puro (en relación con la Temperación Igual).,
Signature,Firma,
Signed,Firmado,
Signed On,Firmado el,
Slope,Pendiente,
Slow,Despacio.,
Small Text,Texto pequeño,
Smoothing,Smoothing,
Smoothing kernel size (odd number). Use 5–9 to reduce noise; too high may erase edges.,Smoothing tamaño del núcleo (número dd). Use 5-9 para reducir el ruido; demasiado alto puede borrar los bordes.,
Sold,Vendido,
Source Brand,Fuente Marca,
Source DocType,DocType Fuente,
Source Warehouse,fuente de depósito,
Spectrogram,Espectrograma,
Spectrogram [Log Freq],Espectrograma [Log Freq],
Spectrum (dB),Spectrum (dB),
Spectrum (dB) [Log Freq],Spectrum (dB) [Log Freq],
Spring Condition,Condiciones de primavera,
Spring Tension Preference,Preferencia de la tensión de primavera,
Spring Type,Tipo de primavera,
Standard,Estándar,
Standard Hourly Rate,Tasa horaria estándar,
Start,Iniciar,
Start Trainer,Start Trainer,
Start Tuner,Inicio Tuner,
Start Work,Inicio del trabajo,
Started At,Empezó a las,
Status,Estado,
Stay within ± tolerance until the bar completes. Great for Throat A practice.,Permanezca dentro de ± tolerancia hasta que la barra termine. Genial para Throat Una práctica.,
Std Cents,Std Cents,
Stock Entry,Entradas de inventario,
"Stock Item used (e.g., pad, cork, spring).","Stock Item used (e.g., pad, cork, spring).",
Stock UOM,Unidad de Media del Inventario,
Stop,Detener,
Stop Tone,Stop Tone,
Stop Trainer,Stop Trainer,
Stop Tuner,Para Tuner,
Store Asking Price,Tienda Preguntando precio,
Strobe,Strobe,
Strobe visualization,Visualización de Strobe,
Student,Estudiante,
Subject,Asunto,
Submit,Validar,
Submitted,Validado,
Subtotal,Subtotal,
Success! Goal reached.,¡El éxito! Objetivo alcanzado.,
Supplier Code Prefix,Código de proveedor Prefijo,
Suspended,Suspendido,
Swabbing Protocol Explained,Protocolo de Swabbing Explicado,
Switch between concert pitch and written (transposed) pitch.,Interruptor entre el lanzamiento del concierto y el lanzamiento escrito (transpuesto).,
Sync Now,Sincronizar ahora,
Sync failed,Sincronizado,
Syncing…,Sincronización...,
System Manager,Administrador del sistema,
System‑generated log of processing and inventory actions for audit.,Registro generado por el sistema de medidas de procesamiento e inventario para la auditoría.,
Target,Objetivo,
Target Delivery,Entrega de objetivos,
Targeted Marketing Opt-In,Comercialización dirigida Opt-In,
Task,Tarea,
Task Description,Descripción de la tarea,
Task Name,Nombre de tarea,
Task Type,Tipo de tarea,
Task blueprints that generate real Clarinet Setup Tasks (with offsets/durations) when applied on a Clarinet Initial Setup.,Planos de tareas que generan tareas de configuración de Clarinet reales (con offsets/durations) cuando se aplica en una configuración inicial de Clarinet.,
Task title that this dependency relates to.,Título de tarea que esta dependencia se relaciona con.,
Task title that will be copied to the generated Clarinet Setup Task.,Título de tarea que será copiado a la tarea de configuración de Clarinet generada.,
Tasks,Tareas,
Tax Amount,Importe de Impuestos,
Tax Rate (%),Tasa de impuestos (%),
Technical Tags/Notes,Etiquetas técnicas/Notas,
Technician,Técnico,
Technician Assigned,Técnico asignado,
Technician Notes,Technician Notes,
Technician Review Notes,Technician Review Notes,
Technician Signature,Firma Technician,
Temp (°C),Temperatura (°C),
Temperament,Temperatura,
Template Content,Índice,
Template Name,Nombre de Plantilla,
Template Task subject is required (sequence: {0}).,Se requiere el tema de la tarea de plantilla (secuencia: {0}).,
Template Tasks,Tareas de plantilla,
"Template for legal consent forms used in various processes like sales, repairs, and privacy agreements.","Plantilla para formularios de consentimiento legal utilizados en diversos procesos como ventas, reparaciones y acuerdos de privacidad.",
Template-level predecessors (referencing other template rows by sequence).,Precedentes de nivel de plantilla (referenciando otras filas de plantilla por secuencia).,
Tenon External Diameter (mm),Diámetro externo de tenón (mm),
Tenon Fit Assessment,Evaluación de la cuenta de tenón,
Tenon Height (mm),Tenon Altura (mm),
Tenon Internal Diameter (mm),Diámetro interno del tenón (mm),
Tenon Type,Tipo de habitación,
Tenon Wall Thickness (mm),Tenon Wall Thickness (mm),
Terms,Términos,
Test Type,Tipo de prueba,
Text,Texto,
The full legal text or template content for this consent form.,El texto legal completo o el contenido de plantilla para este formulario de consentimiento.,
The prerequisite Clarinet Setup Task that this task depends on.,La tarea de configuración de Clarinet que esta tarea depende.,
The sequence number of the template task that this task depends on.,El número de secuencia de la tarea de plantilla que esta tarea depende.,
"These are reference guides, not absolute rules. Use your ear & context.","Son guías de referencia, no reglas absolutas. Use el contexto del oído.",
These fields are managed automatically and cannot be edited: {0},Estos campos se gestionan automáticamente y no pueden ser editados: {0},
This task depends on unfinished tasks: {0},Esta tarea depende de tareas inacabadas: {0},
Thumb Rest,Thumb Rest,
Thumb Rest Type,Tipo de descanso del vientre,
Time for level to reach ~90% from onset (articulation responsiveness),Tiempo para alcanzar el nivel ~90% desde el inicio (responsabilidad de la articulación),
"Time-scrolling log-frequency heatmap (vertical = log f, color = level)","Time-scrolling log-frequency heatmap (vertical = log f, color = nivel)",
Timeline,Línea de tiempo,
Timestamp,Marca de tiempo,
Timestamp when the Approved Count was last set.,Timestamp cuando el Conde Aprobado fue el último set.,
Timestamp when the most recent image processing completed.,Timetamp cuando se completó el procesamiento de imágenes más reciente.,
Timestamp when work actually completed (often set when status moves to Completed).,Timetamp cuando el trabajo se completó (a menudo se establece cuando el estado se mueve a completar).,
Timestamp when work actually started (often set when status moves to Working).,Timetamp cuando el trabajo comenzó (a menudo se establece cuando el estado se mueve a trabajar).,
Title,Nombre,
To Date,Hasta la fecha,
Toggle Full Width,Cambiar a ancho completo,
Toggle Theme,Cambiar tema,
Tolerance (¢),Tolerancia (¢),
Tone Fitness,Tone Fitness,
Tone Hole Inspection Notes,Tone Hole Inspection Notes,
Tone Hole Number,Tone Hole Number,
Tone Hole Number is required.,Se requiere Tone Hole Number.,
Tone Hole Style,Tone Hole Style,
Tone Hole Visual Inspection,Tone Hole Visual Inspection,
Tool,Herramienta,
Tool Calibration Log,Registro de calibración de herramientas,
Tool Name,Nombre de la herramienta,
Tool Type,Tipo de herramienta,
Tool Usage Log,Registro de uso de herramientas,
Tools,Herramientas,
Top Joint Pads,Top Joint Pads,
Total,Total,
Total Cost,Coste total,
Total Labor,Total Laboral,
Total Parts,Total de piezas,
Total Requested,Total solicitado,
Totals,Totales,
Trainer running… stay within tolerance.,Entrenador corriendo... permanecer dentro de la tolerancia.,
Trainer stopped.,El entrenador se detuvo.,
Transfer Ownership To,Transferencia de propiedad a,
"Trend of cents per second; positive means creeping sharp, negative means flat","Tendencia de céntimos por segundo; medios positivos arrastrando agudos, negativos medios planos",
Tuning & Intonation Notes,Tuning &quot; Intonation Notas,
Tuning meter: -50 to +50 cents,Medidor de alimentación: -50 a +50 centavos,
Type,Tipo,
Type of Clarinet,Tipo de Clarinet,
Type of Service,Tipo de servicio,
Type of setup work being performed.,Tipo de trabajo de configuración que se realiza.,
Type of setup work this template is designed for.,Tipo de trabajo de configuración esta plantilla está diseñada para.,
"Typical pad diameter in millimeters (e.g., 9–12 for clarinet). Used to auto‑compute pixel radius bounds.","Diámetro de almohadillas típico en milímetros (por ejemplo, 9–12 para clarinete). Se utiliza para autocomputar los límites del radio de pixel.",
UOM,UdM,
Unable to create Instrument Serial Number from value '{0}',Incapaz de crear número de serie de instrumentos del valor '{0} ',
Unable to determine Company for the selected Warehouse.,Incapaz de determinar Compañía para el Almacén seleccionado.,
Unable to ensure Instrument Serial Number from legacy Serial No '{0}',Incapaz de garantizar el número de serie de instrumentos de la serie anterior No '{0} ',
Unexpected error while preparing document.,Error inesperado al preparar el documento.,
Unit,Unidad,
Unit cost used for extended amount calculation.,Costo unitario utilizado para el cálculo de la cantidad ampliada.,
"Unit of Measure for the inventory update, typically 'Nos' or 'Each'.","Unidad de Medición para la actualización del inventario, típicamente 'Nos' o 'Each'.",
"Unit of Measure for the quantity (e.g., pcs, set, cm).","Unidad de Medición para la cantidad (por ejemplo, pcs, set, cm).",
Unknown,Desconocido,
Unverified,Inconfirmado,
Update Note,Nota de actualización,
Update Time,Hora de actualización,
Update on your instrument – Intake #{name},Actualizar en su instrumento – Tomar #{name},
Updating status...,Actualizar el estado...,
Upgrade,Actualización,
Upgrade Description,Descripción de actualización,
Upload a top‑down photo of the pads on a matte dark background. Keep the ArUco marker flat in the same plane. Shortest image side ≥ 2000 px. Avoid glare and blur.,Sube una foto de arriba abajo de las almohadillas en un fondo oscuro mate. Mantenga el marcador ArUco en el mismo plano. lado de imagen más corto ≥ 2000 px. Evite el brillo y el desenfoque.,
Uploaded By,Subido por,
"Uppercased, punctuation-stripped form used for matching","Forma puntuada, cortada por punción utilizada para emparejar",
Urgent,Urgente,
Use ArUco Marker,Usar Marcador ArUco,
Use a comfortable volume. Avoid feedback by lowering your mic monitor level.,Utilice un volumen cómodo. Evite la retroalimentación bajando el nivel de monitor de micrófono.,
Use the printable ArUco marker to auto‑set pad size from real‑world millimeters and de‑skew the image.,Utilice el marcador ArUco imprimible para ajustar el tamaño del pad de los milímetros del mundo real y despierte la imagen.,
"Use the top toolbar buttons: Download/Generate Shooting Kit (PDF), Process Image, Approve Count, and Update Inventory.","Utilice los botones de barra de herramientas principales: Kit de disparos de descarga / generación (PDF), imagen de proceso, aprobar cuenta y actualizar inventario.",
Used By,Usado por,
Used On,Usado,
Used On (Key or Pad),Usado (Key o Pad),
User Account,Cuenta de usuario,
User does not have the Technician role.,El usuario no tiene el papel técnico.,
User primarily responsible for executing the task.,Usuario principalmente responsable de ejecutar la tarea.,
Using,Uso,
Valid From,Válida desde,
Valid Till,Válida hasta,
Valid Upto,Válida hasta,
Validation Error,Error de validacion,
Valuation Rate,Tasa de valoración,
Value,Valor,
Verification,Verificación,
Verification Status,Estado de verificación,
Verified By,Verificado por,
Verified On,Verificado,
Version,Versión,
Vibrato (Hz),Vibrato (Hz),
Vibrato (Hz/Depth),Vibrato (Hz/Depth),
Vibrato Depth (¢),Vibrato Depth (¢),
View,Ver,
View Tasks,Ver tareas,
View Website,Ver Sitio Web,
Visual Inspection,Inspección visual,
Visual Inspection Findings,Búsquedas de inspección visual,
Visual Status,Situación visual,
"Visual Status (Clean, Damaged, etc.) is required.","Estado visual (Clean, Damaged, etc.) es necesario.",
Visual Triage & Safety Check,Visual Triage &amp; Safety Check,
Visualize (Latest Saved Test),Visualizar (Latest Saved Test),
Volume,Volumen,
Warehouse,Almacén,
Warehouse where stock will be adjusted. The Company is inferred automatically from this warehouse.,Almacén donde el stock será ajustado. La Compañía se infiere automáticamente de este almacén.,
Warning: Quantity is set to zero. Consider updating if this is unintended.,Advertencia: La cantidad está fijada a cero. Considere la posibilidad de actualizar si esto no está previsto.,
Warranty,Garantía,
Warranty End Date,Fecha final de garantía,
Warranty Expiration (Deprecated),Expiración de garantía (Deprecated),
Warranty Logs,Registros de garantía,
Warranty Modification ID,Modificación de garantía ID,
Warranty Start Date,Fecha de inicio de garantía,
Wave,Wave,
Waveform (Level),Waveform (Level),
What am I looking at?,¿Qué estoy mirando?,
What it does,Lo que hace,
"When enabled, min/max pixel radius is derived from the pad diameter and the detected marker scale.","Cuando está activado, el radio min/max pixel se deriva del diámetro de la almohadilla y la escala de marcado detectada.",
Whether this template is active and available for use.,Si esta plantilla está activa y disponible para su uso.,
Wood Type,Tipo de madera,
Wood/Body Condition,Estado de madera / cuerpo,
Work Order Number,Número de pedido de trabajo,
Work Photos,Trabajo Fotos,
Workflow State,Estados de flujos de trabajo,
"Workflow state: Pending Review → Approved (ready to post) or Needs Fix (retake photo, adjust settings, or reprocess).","Estado de flujo de trabajo: Revisión de pendiente → Aprobado (listo para publicar) o Necesidades Fijar (retomar foto, ajustar ajustes, o reproceso).",
Working,Trabajando,
Written,Escrito,
Written (transposed),Escrito (transpuesto),
Year of Manufacture,Año de fabricación,
You are not permitted to access this Customer.,No se le permite acceder a este Cliente.,
You do not have permission to access instruments.,No tiene permiso para acceder a instrumentos.,
Your instrument has been received – Intake #{name},Tu instrumento ha sido recibido – Toma #{name},
Your instrument is ready – Intake #{name},Tu instrumento está listo – Tomar #{name},
cents,centavos,
doctype is required,doctype is required,
"finer peaks, more CPU, slightly slower reaction","picos más finos, más CPU, reacción ligeramente más lenta",
fs,f,
lab-console,Lab-console,
more rejection in noisy rooms,más rechazo en habitaciones ruidosas,
more sensitive,más sensible,
n,n,
param1 (Canny),param1 (Canny),
param2 (Accumulator),param2 (Acumulador),
snappy,snappy,
steadier (slightly higher latency),más estable (latencia ligeramente superior),
technician_dashboard,técnico_dashboard,
there,allí,
within,dentro,
