A,A,
A Clarinet,A Clarinet,
API,API,
About,Acerca de,
Acceptance Source,Fuente de aceptación,
Acceptance Status,Estado de aceptación,
Accepted,Aceptado,
Accepted By,Aceptado por,
Accepted On,Aceptado,
Accessories & Included Parts,Accesorios Partes,
Accessory,Accesorio,
Accessory ID,Accessory ID,
Accounts User,Usuario de Cuentas,
Acquired Date,Fecha requerida,
Acquisition Cost,Costo de adquisición,
Acquisition Source,Fuente de adquisición,
Acquisition Type,Tipo de adquisición,
Action,Acción,
Action By,Action By,
Actions,Acciones,
Activate,Activar,
Active,Activo,
Actual Cost,Costo real,
Actual End,Final real,
Actual End Date,Fecha Real de Finalización,
Actual Materials Cost,Costo real de los materiales,
Actual Start,Inicio real,
Actual Start Date,Fecha de inicio real,
Actual date when setup work started.,Fecha real cuando comenzó el trabajo de configuración.,
Actual date when setup work was completed.,Fecha real cuando se completó el trabajo de configuración.,
Actual materials cost incurred for this setup project.,Costo real de materiales efectuado para este proyecto de configuración.,
Actual total cost incurred for this setup project.,Costo total real incurrido para este proyecto de configuración.,
"Advanced: tweak only if counts are off. For most cases, leave defaults or use Auto Pixel Radius from mm below.","Avanzado: sólo si los recuentos están apagados. Para la mayoría de los casos, deje los defectos o utilice Auto Pixel Radius desde mm abajo.",
Affiliation / Organization,Afiliación / Organización,
All,Todos,
All instrument details live on Instrument,Todos los detalles del instrumento en vivo en Instrumento,
Allow Anonymized Sharing,Permitir Compartir Anonymized,
Amended From,Modificado desde,
Amount,Importe,
Approved At,Aprobados en,
Approved Count,Cuenta aprobada,
Apps,Apps,
ArUco Dictionary,ArUco Dictionary,
Archive,Archivar,
Archived,Archivado,
As stamped/engraved/printed on the instrument,Como estampado/ grabado/impresión en el instrumento,
Assigned Technician,Técnico asignado,
Assigned To,Asignado a,
Associated pad map record for reference while performing the setup.,Registro del mapa del pad asociado para referencia mientras realiza la configuración.,
At,At,
Attachments,Adjuntos,
Audio/Video Demos,Audio/Video Demos,
Auto Pixel Radius From mm,Auto Pixel Radius De mm,
Auto count from image processing. Always verify against the Processed Preview before approving.,Conteo automático del procesamiento de imágenes. Siempre verificar contra la vista previa procesada antes de aprobar.,
Auto quality gate. Unchecked means blur/lighting/perspective are sub‑optimal—consider retaking the photo.,Puerta de calidad automática. Unchecked significa borrón/luz/perspectiva son sub-optimal—consider reing the photo.,
Auto-create Clarinet Initial Setup,Configuración inicial de Clarinet auto-crear,
Auto-synced from Instrument.current_status,Auto-synced de Instrumento.current_status,
Auto-synced from Instrument.instrument_type or clarinet_type,Auto-synced from Instrument.instrument_type or clarinet_type,
Automatically generated unique Instrument ID,ID de Instrumento único generado automáticamente,
Automatically generated unique Instrument Profile ID,ID de perfil único de instrumentos generados automáticamente,
Automation & Behavior,Automatización &quot; Comportamiento,
Auto‑generated overlay showing detected pads. Review the green circles to confirm the count before approval.,Superposición generada automáticamente que muestra almohadillas detectadas. Revise los círculos verdes para confirmar el conteo antes de la aprobación.,
Available,Disponible,
Awaiting Payment,Awaiting Payment,
Barcode / QR,Código de barras / QR,
Barcode Scan Entry,Entrada de escáner de código de barras,
Barrel,Barrel,
Basic Information,Información básica,
Benchmark / Target,Benchmark / Meta,
Body Material,Material del cuerpo,
Bore Inspection Notes,Bore Inspection Notes,
Bore Measurement (mm),Medición de presión (mm),
Bore Style,Bore Style,
Bore Type / Size,Tipo de boga / tamaño,
Bore Visual Condition,Bore Visual Condición,
Bore Ø (mm),Bore Ø (mm),
Bottom Joint Pads,Bottom Joint Pads,
Brand,Marca,
Brand Mapping Rules,Reglas de Mapping de Marca,
Brand Model • Serial,Modelo de marca • Serie,
Buying Price List,Lista de precios de compra,
By,Por,
B♭,B,
B♭ Clarinet,B bebida Clarinet,
C,C,
Calibrated By,Calibrado por,
Calibration Date,Fecha de calibración,
Cancel,Cancelar,
Canceled,Cancelado,
Cancelled,Cancelado,
Canny high threshold for Hough pre‑processing. Raise to reduce noise; lower to detect faint edges.,Canny alto umbral para Hough pre-procesamiento. Levante para reducir el ruido; menor para detectar los bordes débiles.,
Category,Categoría,
Category Name,Nombre Categoría,
Check,Marcar,
Check if all items pass QA and no critical issues remain.,Compruebe si todos los artículos pasan QA y no quedan problemas críticos.,
Check if this tool requires periodic calibration.,Compruebe si esta herramienta requiere calibración periódica.,
Checklist,Lista de verificación,
Checklist Item,Lista de verificación,
Checklist Items,Lista de verificación Artículos,
"Checklist rows to pre-populate into Clarinet Initial Setup → Checklist (e.g., safety check, leak test).","Lista de verificación de filas para pre-poblar en Clarinet Inicial Setup → Lista de verificación (por ejemplo, control de seguridad, prueba de fuga).",
Child table storing predecessor tasks (dependencies) for a Clarinet Setup Task. Each row links to another task that must be Completed before the current task can proceed.,Plantilla infantil que almacena tareas de predecesor (dependencias) para una tarea de configuración de Clarinet. Cada fila vincula a otra tarea que debe completarse antes de que la tarea actual pueda continuar.,
Child table storing template-level task dependencies. Each row references another template task by sequence number that must be completed before the current template task can proceed.,Apoyo a las dependencias de tareas de nivel de plantilla para los niños. Cada fila hace referencia a otra tarea de plantilla por número de secuencia que debe completarse antes de que la tarea actual de plantilla pueda continuar.,
Child table that defines task templates within a Setup Template. Each row generates a real Clarinet Setup Task with expected schedule and priority when applied to a Clarinet Initial Setup.,Tabla infantil que define plantillas de tareas dentro de una plantilla de configuración. Cada fila genera una verdadera tarea de configuración de Clarinet con el horario esperado y la prioridad cuando se aplica a una configuración inicial Clarinet.,
"Child table used to record materials consumed during clarinet setup/repair. Each row captures item, quantity, unit, rate, and extended amount for costing and documentation.","Tabla infantil utilizada para registrar materiales consumidos durante la configuración de clarinete/reparación. Cada fila captura el elemento, cantidad, unidad, tarifa y cantidad extendida para el costo y la documentación.",
"Choose how stock should be adjusted: Increase (Material Receipt), Decrease (Material Issue), or No Change (for review only).","Elija cómo se debe ajustar el stock: Aumentar (Recibo Material), Disminuir (Material Issue), o No Cambiar (para revisión solamente).",
Clarinet Initial Setup,Configuración inicial Clarinet,
Clarinet Intake,Entrada Clarinet,
Clarinet Model,Modelo Clarinet,
Clarinet Pad Map,Mapa de la plataforma Clarinet,
Clarinet Setup Log,Registro de configuración de Clarinet,
Clarinet Setup Task,Tareas de configuración de Clarinet,
Client,Cliente,
Client Instrument Profile,Perfil del Instrumento Cliente,
Client Repair Preferences,Preferencias de reparación del cliente,
Close,Cerrar,
Closed,Cerrado,
Color,Color,
Comment,Comentario,
Comments,Comentarios,
Communication Preference,Preferencias de comunicación,
Company,Compañía,
Company owning the selected Warehouse. Filled automatically.,Empresa dueña del Almacén seleccionado. Rellenado automáticamente.,
Complete,Completar,
Completed,Completado,
Component,Componente,
"Component Ref (Tone Hole, Key, etc.)","Componente Ref (Tone Hole, Key, etc.)",
Condition,Condición,
Condition & Inspection,Estado de inspección,
Condition / Finding,Estado / Encontrar,
Condition Images,Estado Imágenes,
Condition Logs,Estado Logs,
Condition Notes,Notas de Estado,
Consent Content,Contenido de consentimiento,
Consent Form,Formulario de consentimiento,
Consent Log,Consentimiento Log,
Consent Template,Plantilla de Consentimiento,
Consent Type,Tipo de consentimiento,
Contact,Contacto,
Contact Email,Correo electrónico de contacto,
Contact Phone,Teléfono de Contacto,
Controlled Environment Confirmed,Medio ambiente controlado confirmado,
Conversion Rate,Tasa de conversión,
Cork Condition,Estado de corcho,
Count Logs,Cuenta Logs,
Created From,Creado desde,
Created On,Creado el,
Created To,Creado a,
Currency,Divisa / Moneda,
Current Accessories Log,Accesorios actuales Log,
Current Location,Ubicación actual,
Current Status,Estado actual,
Current lifecycle state of the tool. Managed by workflow automation.,Estado actual del ciclo de vida de la herramienta. Gestionado por automatización de flujos de trabajo.,
Current state of the task within the setup workflow.,Estado actual de la tarea dentro del flujo de trabajo de configuración.,
Current status of this setup project.,Situación actual de este proyecto de configuración.,
Current workflow state of this service plan. Managed by workflow automation.,Flujo de trabajo actual estado de este plan de servicio. Gestionado por automatización de flujos de trabajo.,
Currently Paired,Actualmente emparejado,
Custom,Personalizar,
Customer,Cliente,
Customer Accepted,Cliente aceptado,
Customer Approval,Aprobación del cliente,
Customer Email,Correo electrónico,
Customer Full Name,Nombre completo del cliente,
Customer ID,Identificación del cliente,
Customer Lifetime Value,Valor de la vida del cliente,
Customer Name,Nombre del cliente,
Customer Phone,Teléfono,
Customer Type,Tipo de Cliente,
Customer Upgrade Request,Solicitud de actualización del cliente,
Customer's Stated Issue,Asunto del cliente,
D,D,
Daily Playing Schedule Explained,Horario de juego diario explicado,
Damage Observed,Daños observados,
Data,Datos,
Date,Fecha,
Date / Time,Fecha / hora,
Date Given,Fecha dada,
Date Linked,Fecha vinculada,
Date Reported,Fecha informada,
Date and Time of Unboxing,Fecha y hora de unboxing,
Date of Record,Fecha del registro,
Date of Return,Fecha de regreso,
Date of the most recent calibration.,Fecha de la calibración más reciente.,
Date when the next calibration is required for compliance.,Fecha en que se requiere la siguiente calibración para el cumplimiento.,
Days after the Setup Date that the generated task should start (0 = same day).,Días después de la fecha de configuración que la tarea generada debe comenzar (0 = mismo día).,
Default,Predeterminado,
Default Company,Compañía predeterminada,
Default Inspection Warehouse,Default Inspection Warehouse,
Default Item Group,Grupo de artículos predeterminado,
Default Operations,Operaciones por defecto,
Default Priority,Prioridad predeterminada,
Default Source Warehouse,Almacén de origen,
Default Technician,Técnico por defecto,
Default Value,Valor predeterminado,
Default priority level for setups created from this template.,Nivel de prioridad predeterminado para las configuraciones creadas a partir de esta plantilla.,
Default technician for setups using this template.,Técnico predeterminado para configuraciones usando esta plantilla.,
Defaults,Predeterminados,
"Defines reusable defaults for clarinet setup: operations, checklist items, and a list of template tasks. When applied to a Clarinet Initial Setup, this template can populate operations, checklist, and generate scheduled tasks.","Define los defectos reutilizables para la configuración de clarinete: operaciones, elementos de lista de verificación y una lista de tareas de plantilla. Cuando se aplica a una configuración inicial de Clarinet, esta plantilla puede poblar operaciones, lista de verificación y generar tareas programadas.",
Delayed,Retrasado,
Delivered,Enviado,
Depends On,Depende de,
Depends on Sequence,Depende de Secuencia,
Deposit Paid,Depósito Pagado,
Description,Descripción,
Description / Notes,Descripción / Notas,
Desk Tuner,Desk Tuner,
"Detailed procedure, acceptance criteria, measurements, or notes.","Procedimiento detallado, criterios de aceptación, mediciones o notas.",
Details / Notes,Detalles / Notas,
Detected Count,Cuentas detectadas,
Detections Meta,Detección Meta,
Diagnostic Metrics,Metrices diagnósticas,
Dictionary used to generate/recognize the marker. Use the same value as printed in your Shooting Kit PDF.,Diccionario utilizado para generar/reconocer el marcador. Utilice el mismo valor que impreso en su kit de tiro PDF.,
Discount (%),Descuento (%),
Discount Amount,Descuento,
Discount Type,Tipo de descuento,
Document Name,Nombre de Documento,
Document Type,Tipo de Documento,
Documentation,Documentación,
Draft,Borrador,
Due Date,Fecha de vencimiento,
Duplicate Handling,Manipulación duplicada,
Duplicate Of,Duplicado de,
ERPNext Asset,ERPNext Asset,
ERPNext Asset record for this tool (if tracked financially).,ERPNext Registro de activos para esta herramienta (si se rastrea financieramente).,
ERPNext Item to update (must be a Stock Item). Example: 'Clarinet Pad – 10 mm'.,ERPSiguiente artículo para actualizar (debe ser un artículo de stock). Ejemplo: 'Clarinet Pad - 10 mm'.,
ERPNext Serial No (Inventory),ERPSiguiente serie No (Inventario),
Email,Correo electrónico,
Email Address,Dirección de correo electrónico,
Employee / Technician,Empleado / Técnico,
Employment Status,Situación laboral,
Enable to use the printed ArUco marker for scale and perspective correction. Keep the marker flat in the photo.,Permite utilizar el marcador ArUco impreso para la corrección de escala y perspectiva. Mantenga el marcador en la foto.,
Enabled,Habilitado,
Enhancements,Mejoras,
Entered By,Entrado,
Entry Date,Fecha de entrada,
Environment Log,Environment Log,
Equipment Preference(s),Preferencias del equipo,
Error,Error,
Estimated Completion,Conclusión estimada,
Estimated Cost,Costo estimado,
Estimated Hours,Horas estimadas,
Estimated Materials Cost,Costo estimado de los materiales,
Estimated Total Cost,Costo total estimado,
Estimated labor hours required for this setup type.,Horas de trabajo estimadas necesarias para este tipo de configuración.,
Estimated materials cost for this setup project.,Costo estimado de materiales para este proyecto de configuración.,
Estimated materials cost for this setup type.,Costo estimado de materiales para este tipo de configuración.,
Estimated total cost for this setup project.,Costo total estimado para este proyecto de configuración.,
Estimated total cost including labor and materials.,Costo total estimado incluyendo mano de obra y materiales.,
Estimates & Defaults,Estimaciones &quot; Por defecto,
"Event log: processing runs, approvals, and inventory postings with user and timestamp.","Registro de eventos: procesamiento de carreras, aprobaciones y publicaciones de inventario con usuario y timetamp.",
Excellent,Excelente,
Expected End,Final esperado,
Expected End Date,Fecha prevista de finalización,
Expected Return Date,Fecha de regreso prevista,
Expected Start,Inicio previsto,
Expected Start Date,Fecha prevista de inicio,
Expected Start Offset (days),Inicio esperado Offset (días),
Expected completion date for this setup project.,Fecha de finalización prevista para este proyecto de configuración.,
Expected start date for this setup project.,Fecha de inicio prevista para este proyecto de configuración.,
Expired,Expirado,
Extended line amount (qty × rate). Kept read-only; computed server-side and mirrored client-side.,Cantidad de línea extendida (tamaño qty ×). Se mantuvo solo lectura; el lado del servidor computado y el lado del cliente espejo.,
External Work Logs,Registros de trabajo externos,
E♭,E bebe,
E♭ Clarinet,E bebida Clarinet,
Failed,Failed,
Field Label,Field Label,
Field Type,Tipo de campo,
Field Values,Valores sobre el terreno,
Final Comments,Observaciones finales,
Final Qa Checklist,Lista final de verificación de Qa,
First Name,Primer Nombre,
Float,Coma Flotante,
Frappe Support,Soporte de Frappe,
"Free‑form notes for this intake (e.g., photo conditions, pad sizes mix, any anomalies).","Notas de forma gratuita para esta ingesta (por ejemplo, condiciones de foto, mezcla de tamaños de pad, cualquier anomalía).",
Friendly name for this intake. Use something meaningful like 'Bb Clarinet Pads – Bench 2 – 2025‑08‑20'.,Nombre amistoso para esta ingesta. Use algo significativo como 'Bb Clarinet Pads – Bench 2 – 2025‐08‐20'.,
From Date,Desde la fecha,
Full Name,Nombre completo,
G#/A Key Connection,G#/A Conexión clave,
Gaussian Blur (odd),Gaussian Blur (odd),
General Information,Información general,
General Notes,Notas generales,
Grand Total,Total,
Headline,Título,
Hidden,Oculto,
High,Alto,
Hire Date,Fecha de inscripción,
History,Historia,
Hold,Mantener,
Hough Circles inverse ratio of accumulator to image resolution. 1.2–2.0 is typical; lower can improve sensitivity.,Hough Circles inverse ratio of accumulator to image resolution. 1.2–2.0 es típico; menor puede mejorar la sensibilidad.,
Hough accumulator threshold. Higher = fewer detections (more strict). Lower if pads are missed.,umbral acumulador. Más alto = menos detección (más estricta). Bajo si se pierden las almohadillas.,
Hough dp,Hough dp,
Hours,Horas,
Hours (if Labor),Horas (si el trabajo),
Human‑verified final count. This drives the inventory delta by default. Edit if the preview missed or over‑counted any pads.,Cuenta final verificada por humanos. Esto conduce el delta del inventario por defecto. Editar si la vista previa se perdió o superó cualquier almohadilla.,
Hygrometer Reading Photo,Foto higrómetro,
Identity,Identidad,
Idx,Índice,
"If enabled, indicates this is a grouping node (usually not directly actionable).","Si está habilitado, indica que es un nodo de agrupación (normalmente no directamente accionable).",
In List View,En vista de lista,
In Progress,En Progreso,
In Service,Servicios,
In Transit,En Transito,
Inactive,Inactivo,
Initial Assessment Notes,Notas de evaluación iniciales,
Initial Condition Notes,Notas de estado inicial,
Initial Intake Photos,Inicial Intake Photos,
Initial Relative Humidity (%),Humedad relativa inicial (%),
Initial Setup,Configuración inicial,
Initial Temperature (°C),Temperatura inicial (°C),
Inspected By,Inspeccionado por,
Inspection,Inspección,
Inspection Date,Fecha de inspección,
Inspection Reference,Referencia de inspección,
Inspection Type,Tipo de inspección,
Inspection Type Name (Inventory),Nombre del tipo de inspección (inventario),
Inspection Type Name (Repair/Maintenance),Nombre del tipo de inspección (Reparación/Mantenimiento),
Instrument,Instrumento,
Instrument Category,Instrumento de categoría,
Instrument Condition,Instrumento Estado,
Instrument Delivered to Customer,Instrumento entregado al cliente,
Instrument ID,Instrument ID,
Instrument Information,Información sobre instrumentos,
Instrument Inspection,Inspección de instrumentos,
Instrument Inventory Report,Instrument Inventory Report,
Instrument Item Code,Código del artículo,
Instrument Key,Instrumento clave,
Instrument Model,Modelo de instrumento,
Instrument Model ID,Instrumento modelo ID,
Instrument Photos,Instrumento,
Instrument Profile,Perfil de instrumentos,
Instrument Profile ID,Perfil del Instrumento,
Instrument Rested Min. 4 Hours Before Handling,Instrumento Rested Min. 4 horas antes de manipular,
Instrument Serial Number,Número de serie de instrumentos,
Instrument Service History,Historial del servicio de instrumentos,
Instrument Setup,Configuración de instrumentos,
Instrument Status,Estado,
Instrument Type,Tipo de instrumento,
Instrument record for context (auto-filled from parent where possible).,Registro de instrumentos para contexto (auto-filled from parent where possible).,
Instruments Currently Owned,Instrumentos actualmente en vigor,
Int,Int,
Intake,Entrada,
Intake Date & Time,Fecha de entrada,
Intake Naming Series,Intake Naming Series,
Intake Record ID,Identificación de registro,
Intake Type,Tipo de admisión,
Interaction Logs,Logros de interacción,
Interaction Type,Tipo de interacción,
Internal identifier for this template (kept unique and set only once).,Identificador interno para esta plantilla (que se mantiene único y se establece sólo una vez).,
Inventory,Inventario,
Inventory Action,Inventory Action,
Inventory Delta,Inventory Delta,
Is Active,Está activo,
Is Group,Es un grupo,
Is Open Key,Es llave abierta,
Is Secondary Pad,Es Pad Secundaria,
Is this a secondary pad? (Secondary pads are the pads that are controlled by anything but the players finger. E.g. The LH2 is a secondary key when the RH1 is pressed for 1-and-1,¿Es una almohadilla secundaria? (Las almohadillas son las almohadillas que son controladas por cualquier cosa excepto el dedo de los jugadores. Por ejemplo. El LH2 es una llave secundaria cuando el RH1 es presionado por 1 y 1,
Issue,Incidencia,
Issue Description,Edición,
Issued,Emitido,
Issued Date,Fecha publicada,
Issued To (Customer),A (Customer),
Item,Producto,
Item Code,Código del Producto,
Item Name,Nombre del Producto,
Items,Productos,
"JSON file with detection details (x, y, r, confidence, method, quality metrics). Useful for audit and troubleshooting.","Archivo JSON con detalles de detección (x, y, r, confianza, método, métricas de calidad). Útil para auditoría y solución de problemas.",
Kept for backward compatibility; use warranty_end_date,Guardado para compatibilidad con retroceso; use guarantee_end_date,
Key,Clave,
Key Height (mm),Altura clave (mm),
Key Height Preference,Preferencia de altura clave,
Key Plating,Placa clave,
Key System,Sistema clave,
Keyboard Shortcuts,Atajos de teclado,
Keywork Condition,Estado clave,
Keywork Plating,Teclado,
Lab,Lab,
Lab Technician,Técnico de Laboratorio,
Labels & Mapping,Etiquetas &quot; Mapping,
Labor Hours,Horas laborales,
Last Active,Último Activo,
Last Calibrated,Última calibrada,
Last Intake Date,Última fecha de admisión,
Last Name,Apellido,
Last Visit Date,Fecha de la última visita,
Ligature,Ligadura,
Line Items,Temas de línea,
Link to the Stock Entry created by Update Inventory. Click to open the voucher.,Enlace a la entrada de stock creada por el inventario de actualización. Haga clic para abrir el vale.,
Linkage,Enlace,
Loaner Instrument,Instrumento de préstamo,
Loaner Record,Loaner Record,
Loaner Return Check,Regreso de préstamo,
Loaner Serial Number,Número de serie de préstamos,
Loaner Status,Estado del préstamo,
Location,Ubicación,
Log Entries,Entradas de registro,
Log Entry,Entrada,
Log Time,Hora de la sesión,
Log out,Cerrar sesión,
Logged By,Logged by,
Logs,Registros,
Lost,Perdido,
Low,Bajo,
Mailing Address,Dirección de correo,
Maintenance,Mantenimiento,
Manufacturer,Fabricante,
Map to stock Serial No when the unit is on your books,Mapa a stock Serial No cuando la unidad está en tus libros,
Mapped Brand,Mapped Brand,
Mark this as a duplicate of another serial record,Marca esto como un duplicado de otro registro de serie,
Marker Side Length (mm),Marcador Longitud lateral (mm),
Marketing Photo Gallery,Galería de fotos de marketing,
Material Usage,Uso del material,
Material Used,Material utilizado,
Materials Used,Materiales utilizados,
Max Radius (px),Max Radius (px),
"Maximum pad radius in pixels. If using Auto Pixel Radius from mm, this updates automatically after processing.","Radio de almohadilla máxima en píxeles. Si utiliza Auto Pixel Radius a partir de mm, esto actualiza automáticamente después del procesamiento.",
Measurement Session,Sesión de medición,
Measurement Type,Tipo de medición,
Measurements,Medidas,
Media & Photos,Medios de comunicación,
Medium,Medio,
Meta,Meta,
Method,Método,
Metric,métrica,
Min Radius (px),Min Radius (px),
"Minimum pad radius in pixels. If using Auto Pixel Radius from mm, this updates automatically after processing.","Radio de almohadilla mínima en píxeles. Si utiliza Auto Pixel Radius a partir de mm, esto actualiza automáticamente después del procesamiento.",
Model,Modelo,
Model this template is designed for (used for pad maps and model-specific defaults).,Modele esta plantilla está diseñada para (utilizada para mapas de pad y defectos de modelo específicos).,
Modification Date,Fecha de modificación,
Modified By,Modificado por,
Mouthpiece,Boquilla,
My Profile,Mi Perfil,
My Settings,Mis ajustes,
Name,Nombre,
Naming Series,Secuencias e identificadores,
New,Nuevo,
New End Date,Fecha final,
New Start Date,Fecha de inicio,
Newsletter Subscription,Suscripción,
Next Calibration Due,Next Calibration Due,
Normalized Serial,Serie normalizada,
Notes,Notas,
Notify User on Stock Issues,Notify User on Stock Issues,
No‑ML Calibration,Calibración No-ML,
Number of Keys/Rings,Número de llaves / anillos,
OK,OK,
"Observations, environmental conditions, or session comments.","Observaciones, condiciones ambientales o comentarios de sesión.",
Old End Date,Old End Date,
Old Start Date,Fecha de inicio anterior,
On Hold,En espera,
Open,Abrir/Abierto,
Operation,Operación,
Operation Template,Plantilla de operación,
Operation Type,Tipo de operación,
Operations Performed,Operaciones realizadas,
Operations to pre-populate into Clarinet Initial Setup → Operations Performed. Each row describes a standard operation you routinely perform.,Operaciones para pre-poblar en la configuración inicial Clarinet → Operaciones realizadas. Cada fila describe una operación estándar que realizas rutinariamente.,
Optional color tag for visual grouping in list and Kanban views.,Etiquetas de color opcional para agrupación visual en lista y vistas de Kanban.,
Optional item description shown on the certificate or internal reports.,Descripción del artículo opcional que figura en el certificado o los informes internos.,
Optional notes that will be copied to the generated Clarinet Setup Task.,Notas opcionales que serán copiadas a la tarea de configuración de Clarinet generada.,
Optional parent group task (for hierarchical grouping).,Tareas opcionales de grupo padre (para agrupación jerárquica).,
"Ordering hint for task lists and generation from templates (use spaced values like 10, 20, 30 to allow inserts).","Pedir sugerencias para listas de tareas y generación de plantillas (utiliza valores espaciados como 10, 20, 30 para permitir insertar).",
"Ordering number used when generating tasks (e.g., 10, 20, 30).","Número de pedido utilizado cuando se generan tareas (por ejemplo, 10, 20, 30).",
Other,Otro,
Overall Condition,Estado general,
Overall Passed,Pasos generales,
Overdue,Atrasado,
Overview,Visión general,
Owner,Propietario,
Owner Name,Nombre del propietario,
Pad Condition,Pad Estado,
Pad Diameter (mm),Diámetro de Pad (mm),
Pad ID,ID de Pad,
Pad Map,Mapa de Pad,
Pad Name,Nombre del Pad,
Pad Position,Posición,
Pad Type,Tipo de Pad,
Pad Type (Current),Tipo de Pad (Current),
Parameter,Parámetro,
Parent Pad,Parent Pad,
Parent Task,Tarea Padre,
Parent Task's Subject,Tema de la tarea del padre,
"Parent clarinet setup record this task belongs to. Used for filtering, progress roll-up, and navigation.","Parent clarinet setup record esta tarea pertenece a. Se utiliza para filtrar, aumentar el progreso y navegar.",
Part Code,Código de Parte,
Passed,Aprobado,
Passed?,¿Pasado?,
Paused,Pausado,
Pending,Pendiente,
Pending Review,Pendiente de revisar,
Percent Complete,Percent Complete,
Percent complete for this task. Automatically set to 100% when status is Completed; contributes to parent roll-up.,Porcentaje completo para esta tarea. Se establece automáticamente al 100% cuando se completa el estado; contribuye a la implantación de los padres.,
Percentage,Porcentaje,
Performed By,Realizado por,
Performed By (Shop Name),Realizado por (Nombre del botón),
Phone,Teléfono,
Phone Number,Número de teléfono,
Photo,Foto,
Photo Timestamp,Foto Timestamp,
Photos at Return,Fotos de regreso,
"Physical side length of the printed marker in millimeters (e.g., 50). This ensures millimeter‑accurate pixel scaling.","Longitud del lado físico del marcador impreso en milímetros (por ejemplo, 50). Esto garantiza un escalado de píxel milimétricamente preciso.",
Pitch Standard,Pitch Standard,
Plan Date,Fecha del plan,
Plan Status,Situación del Plan,
Planned Tasks,Tareas previstas,
Planned duration in days for the generated task (at least 1).,Duración prevista en días para la tarea generada (al menos 1).,
Planned end date. Must be on/after Expected Start. Enables Gantt view.,Fecha final prevista. Debe estar en/después del inicio esperado. Permite la vista Gantt.,
Planned start date. Enables Gantt view.,Fecha de inicio prevista. Permite la vista Gantt.,
Planning,Planificación,
Planning notes or special instructions for this service plan.,Notas de planificación o instrucciones especiales para este plan de servicio.,
Player Level,Nivel de jugador,
Player Profile,Perfil del reproductor,
Player Profile ID,ID de perfil de reproductor,
"Please only input the type of material of the pad. (E.g. Leather, Cork, Double-Skin, GoreTex, etc.)","Por favor, sólo introduzca el tipo de material de la almohadilla. (por ejemplo, cuero, corcho, doble piel, goreTex, etc.)",
Portal,Portal,
Posting Date,Fecha de Contabilización,
Predecessor tasks that must be Completed before this task can proceed. Each row links to another Clarinet Setup Task.,Las tareas previas que deben completarse antes de que esta tarea pueda continuar. Cada fila se une a otra tarea de configuración de Clarinet.,
Preferred Name,Nombre preferente,
Preferred Pad Type,Pad preferente Tipo,
Preliminary Estimate,Estimación preliminar,
Prepared By,Preparado por,
Previous Repairs,Reparaciones anteriores,
Primary Email,Correo principal,
Primary Phone,Teléfono principal,
Primary Playing Style(s),Estilo(s) de juego primario(s),
Primary Profile?,Perfil primario?,
Primary Teacher / Mentor,Maestro primario / Mentor,
Priority,Prioridad,
Priority for scheduling and triage.,Prioridad para la programación y triage.,
Priority level for this setup project.,Nivel de prioridad para este proyecto de configuración.,
Priority to apply to the generated task.,Prioridad para aplicar a la tarea generada.,
Processed At,Procesado en,
Processed Preview,Previsión procesada,
Processing Params,Parámetros de procesamiento,
Profile Creation Date,Fecha de creación del perfil,
Profile Image (Hero Shot),Imagen del perfil (Hero Shot),
Profile Status,Perfil,
Profile Type,Tipo de perfil,
Progress,Progreso,
Project Details,Detalles del proyecto,
Project Information,Project Information,
"Projects-like task used to track clarinet setup/repair work for a single instrument. Supports scheduling, priority, dependencies, progress roll-up to the parent Clarinet Initial Setup, and Gantt/Kanban list modes.","Proyectos-como tarea utilizada para rastrear la configuración de clarinete/reparación de trabajo para un solo instrumento. Apoya la programación, la prioridad, las dependencias, la puesta en marcha de los progresos hacia la configuración inicial de Clarinet y los modos de lista Gantt/Kanban.",
Promise Date,Fecha prometida,
Promised Completion Date,Fecha de terminación prometida,
Pulse Update,Actualización de pulsos,
Purchase,Compra,
Purchase Date,Fecha de compra,
Purchase Order,Orden de compra (OC),
Purchase Receipt,Recibo de compra,
QA,QA,
QA Checklist,Lista de verificación de QA,
QA Technician,QA Technician,
QA workflow state; managed automatically.,QA estado de flujo de trabajo; gestionado automáticamente.,
QC Certificate,Certificado QC,
Qty,Cant.,
Quality OK,Calidad,
Quantity,Cantidad,
Quantity consumed.,Cantidad consumida.,
Quantity to post to stock. Defaults to Approved Count. You may override for partial postings or adjustments.,Cantidad a publicación a stock. Defaults to Approved Count. Puede anularse por correos parciales o ajustes.,
Quotation Date,Fecha de calificación,
Quoted Work,Trabajo calificado,
RH (%),RH (%),
Rate,Precio,
Rate ($/hr),Tasa (hora),
Rating,Clasificación,
Raw serial string from Instrument.serial_no,Cadena en serie cruda de Instrument.serial_no,
Read Only,Sólo lectura,
Ready,Listo,
Reason,Razón,
Receipt / Proof of Service,Recepción / Prueba de servicio,
Received,Recibido,
Recorded By,Grabado por,
Reed Brand,Reed Brand,
Reed Model,Modelo de caña,
Reed Strength,Reed Strength,
Reference,Referencia,
Reference DocType,DocType de referencia,
Reference Doctype,Referencia a 'DocType',
Reference Name,Nombre Referencia,
Referral Source,Fuente de referencia,
Rejected,Rechazado,
Related Instrument,Instrumento conexo,
Relationship to Client,Relación con el cliente,
Reload,Recargar,
Remarks,Observaciones,
Removed Date,Fecha eliminada,
Reopen,Reabrir,
Repair,Reparar,
Repair Details,Detalles de la reparación,
Repair Estimate,Estimación,
Repair Feedback,Reparación de retroalimentación,
Repair Issue,Cuestión de reparación,
Repair Logging,Reparación de registros,
Repair Notes,Notas de reparación,
Repair Order,Orden de reparación,
Repair Portal,Portal de reparación,
Repair Portal Settings,Ajustes del Portal de Reparación,
Repair Reference,Referencia de reparación,
Repair Request,Solicitud de reparación,
Requested Upgrades,Actualizaciones solicitadas,
Requests,Solicitudes,
Require Instrument Inspection on Intake,Require Instrument Inspection on Intake,
Required,Necesario,
Required Fields,Campos obligatorios,
Requires Calibration?,¿Requiere calibración?,
Resolve,Resolver,
Resolved,Resuelto,
Resolved Item,Tema resuelto,
Restore,Restaurar,
Retired,Retirada,
Returned,Devuelto,
Returned to Customer,Regresado al Cliente,
Review Status,Situación de examen,
Rounded Total,Total redondeado,
Running,Ejecutando,
SMS,SMS,
Sales,Ventas,
Sales Manager,Gerente de ventas,
Sales User,Usuario de ventas,
Scan Context,Scan Context,
Scan Time,Tiempo de exploración,
Scanned Barcode,Código de barras escaneados,
Scheduled,Programado.,
Scheduled Date,Fecha prevista,
Seal Status,Estado del sello,
Section,Sección,
Selling Price List,Lista de precios de venta,
Sequence,Secuencia,
Serial Identity,Identidad en serie,
Serial No,Número de serie,
Serial No.,Serie No.,
Serial Number,Número de serie,
Serial Number Verification & Status,Verificación del número de serie &quot; Estado,
Serial Photo,Foto en serie,
Serial Source,Fuente de serie,
Serial number of the instrument being serviced (traceability).,Número de serie del instrumento en servicio (trazabilidad).,
Serial/ID,Serie/ID,
Service Date,Fecha del servicio,
Service Description,Descripción del servicio,
Service Photo Log,Service Photo Log,
Service Plan,Plan de servicios,
Service Planning,Planificación de servicios,
Service Task,Tareas de servicios,
Service Type,Tipo de servicio,
Service Type Requested,Tipo de servicio solicitado,
Session Defaults,Valores predeterminados de sesión,
Session status: controls lab and QA review visibility.,Estado de la sesión: controla la visibilidad del laboratorio y el examen de QA.,
Setup,Configuración,
Setup Content,Contenido de configuración,
Setup Date,Fecha de creación,
Setup ID,ID de configuración,
Setup Logs,Registros de configuración,
Setup Logs & Notes,Registros de configuración &gt; Notas,
Setup Notes,Notas de configuración,
Setup Template,Plantilla de configuración,
Setup Type,Tipo de configuración,
Shipping,Envío,
Shop-applied scan code (optional),Código de escaneo aplicado por la tienda (opcional),
"Short, action-oriented title for the task (e.g., “Set key heights – upper joint”).","Título corto, orientado a la acción para la tarea (por ejemplo, “Alturas clave – articulación superior”).",
Show in Portal,Mostrar en Portal,
Signature,Firma,
Signed,Firmado,
Signed On,Firmado el,
Small Text,Texto pequeño,
Smoothing kernel size (odd number). Use 5–9 to reduce noise; too high may erase edges.,Smoothing tamaño del núcleo (número dd). Use 5-9 para reducir el ruido; demasiado alto puede borrar los bordes.,
Sold,Vendido,
Source Brand,Fuente Marca,
Source DocType,DocType Fuente,
Source Warehouse,Almacén de origen,
Spring Condition,Condiciones de primavera,
Spring Tension Preference,Preferencia de la tensión de primavera,
Spring Type,Tipo de primavera,
Standard,Estándar,
Standard Hourly Rate,Tasa horaria estándar,
Start,Iniciar,
Start Work,Inicio del trabajo,
Started At,Empezó a las,
Status,Estado,
Stock Entry,Entradas de inventario,
"Stock Item used (e.g., pad, cork, spring).","Stock Item used (e.g., pad, cork, spring).",
Stock UOM,Unidad de media utilizada en el almacen,
Store Asking Price,Tienda Preguntando precio,
Student,Estudiante,
Subject,Asunto,
Submit,Validar,
Submitted,Validado,
Subtotal,Subtotal,
Supplier Code Prefix,Código de proveedor Prefijo,
Suspended,Suspendido,
Swabbing Protocol Explained,Protocolo de Swabbing Explicado,
System Manager,Administrador del sistema,
System‑generated log of processing and inventory actions for audit.,Registro generado por el sistema de medidas de procesamiento e inventario para la auditoría.,
Target Delivery,Entrega de objetivos,
Targeted Marketing Opt-In,Comercialización dirigida Opt-In,
Task,Tarea,
Task Description,Descripción de la tarea,
Task Name,Nombre de tarea,
Task Type,Tipo de tarea,
Task blueprints that generate real Clarinet Setup Tasks (with offsets/durations) when applied on a Clarinet Initial Setup.,Planos de tareas que generan tareas de configuración de Clarinet reales (con offsets/durations) cuando se aplica en una configuración inicial de Clarinet.,
Task title that this dependency relates to.,Título de tarea que esta dependencia se relaciona con.,
Task title that will be copied to the generated Clarinet Setup Task.,Título de tarea que será copiado a la tarea de configuración de Clarinet generada.,
Tasks,Tareas,
Tax Amount,Importe de Impuestos,
Tax Rate (%),Tasa de impuestos (%),
Technical Tags/Notes,Etiquetas técnicas/Notas,
Technician,Técnico,
Technician Assigned,Técnico asignado,
Technician Notes,Technician Notes,
Technician Review Notes,Technician Review Notes,
Technician Signature,Firma Technician,
Temp (°C),Temperatura (°C),
Template Content,Índice,
Template Name,Nombre de Plantilla,
Template Tasks,Tareas de plantilla,
"Template for legal consent forms used in various processes like sales, repairs, and privacy agreements.","Plantilla para formularios de consentimiento legal utilizados en diversos procesos como ventas, reparaciones y acuerdos de privacidad.",
Template-level predecessors (referencing other template rows by sequence).,Precedentes de nivel de plantilla (referenciando otras filas de plantilla por secuencia).,
Tenon External Diameter (mm),Diámetro externo de tenón (mm),
Tenon Fit Assessment,Evaluación de la cuenta de tenón,
Tenon Height (mm),Tenon Altura (mm),
Tenon Internal Diameter (mm),Diámetro interno del tenón (mm),
Tenon Type,Tipo de habitación,
Tenon Wall Thickness (mm),Tenon Wall Thickness (mm),
Terms,Términos.,
Text,Texto,
The full legal text or template content for this consent form.,El texto legal completo o el contenido de plantilla para este formulario de consentimiento.,
The prerequisite Clarinet Setup Task that this task depends on.,La tarea de configuración de Clarinet que esta tarea depende.,
The sequence number of the template task that this task depends on.,El número de secuencia de la tarea de plantilla que esta tarea depende.,
Thumb Rest,Thumb Rest,
Thumb Rest Type,Tipo de descanso del vientre,
Timestamp,Marca de tiempo,
Timestamp when the Approved Count was last set.,Timestamp cuando el Conde Aprobado fue el último set.,
Timestamp when the most recent image processing completed.,Timetamp cuando se completó el procesamiento de imágenes más reciente.,
Timestamp when work actually completed (often set when status moves to Completed).,Timetamp cuando el trabajo se completó (a menudo se establece cuando el estado se mueve a completar).,
Timestamp when work actually started (often set when status moves to Working).,Timetamp cuando el trabajo comenzó (a menudo se establece cuando el estado se mueve a trabajar).,
Title,Nombre,
To Date,Hasta la fecha,
Toggle Full Width,Cambiar a ancho completo,
Toggle Theme,Cambiar tema,
Tone Hole Inspection Notes,Tone Hole Inspection Notes,
Tone Hole Number,Tone Hole Number,
Tone Hole Style,Tone Hole Style,
Tone Hole Visual Inspection,Tone Hole Visual Inspection,
Tool,Herramienta,
Tool Calibration Log,Registro de calibración de herramientas,
Tool Name,Nombre de la herramienta,
Tool Type,Tipo de herramienta,
Tool Usage Log,Registro de uso de herramientas,
Tools,Herramientas,
Top Joint Pads,Top Joint Pads,
Total Cost,Coste total,
Total Labor,Total Laboral,
Total Parts,Total de piezas,
Total Requested,Total solicitado,
Totals,Totales,
Transfer Ownership To,Transferencia de propiedad a,
Tuning & Intonation Notes,Tuning &quot; Intonation Notas,
Type,Tipo,
Type of Clarinet,Tipo de Clarinet,
Type of Service,Tipo de servicio,
Type of setup work being performed.,Tipo de trabajo de configuración que se realiza.,
Type of setup work this template is designed for.,Tipo de trabajo de configuración esta plantilla está diseñada para.,
"Typical pad diameter in millimeters (e.g., 9–12 for clarinet). Used to auto‑compute pixel radius bounds.","Diámetro de almohadillas típico en milímetros (por ejemplo, 9–12 para clarinete). Se utiliza para autocomputar los límites del radio de pixel.",
UOM,UdM,
Unit,Unidad,
Unit cost used for extended amount calculation.,Costo unitario utilizado para el cálculo de la cantidad ampliada.,
"Unit of Measure for the inventory update, typically 'Nos' or 'Each'.","Unidad de Medición para la actualización del inventario, típicamente 'Nos' o 'Each'.",
"Unit of Measure for the quantity (e.g., pcs, set, cm).","Unidad de Medición para la cantidad (por ejemplo, pcs, set, cm).",
Unknown,Desconocido,
Unverified,Inconfirmado,
Update Note,Nota de actualización,
Update Time,Hora de actualización,
Upgrade,Actualización,
Upgrade Description,Descripción de actualización,
Upload a top‑down photo of the pads on a matte dark background. Keep the ArUco marker flat in the same plane. Shortest image side ≥ 2000 px. Avoid glare and blur.,Sube una foto de arriba abajo de las almohadillas en un fondo oscuro mate. Mantenga el marcador ArUco en el mismo plano. lado de imagen más corto ≥ 2000 px. Evite el brillo y el desenfoque.,
Uploaded By,Subido por,
"Uppercased, punctuation-stripped form used for matching","Forma puntuada, cortada por punción utilizada para emparejar",
Urgent,Urgente,
Use ArUco Marker,Usar Marcador ArUco,
Use the printable ArUco marker to auto‑set pad size from real‑world millimeters and de‑skew the image.,Utilice el marcador ArUco imprimible para ajustar el tamaño del pad de los milímetros del mundo real y despierte la imagen.,
"Use the top toolbar buttons: Download/Generate Shooting Kit (PDF), Process Image, Approve Count, and Update Inventory.","Utilice los botones de barra de herramientas principales: Kit de disparos de descarga / generación (PDF), imagen de proceso, aprobar cuenta y actualizar inventario.",
Used By,Usado por,
Used On,Usado,
Used On (Key or Pad),Usado (Key o Pad),
User Account,Cuenta de usuario,
User primarily responsible for executing the task.,Usuario principalmente responsable de ejecutar la tarea.,
Valid From,Válida desde,
Valid Till,Válida hasta,
Valid Upto,Válida hasta,
Valuation Rate,Tasa de valoración,
Value,Valor,
Verification,Verificación,
Verification Status,Estado de verificación,
Verified By,Verificado por,
Verified On,Verificado,
Version,Versión,
View Website,Ver Sitio Web,
Visual Inspection,Inspección visual,
Visual Inspection Findings,Búsquedas de inspección visual,
Visual Status,Situación visual,
Warehouse,Almacén,
Warehouse where stock will be adjusted. The Company is inferred automatically from this warehouse.,Almacén donde el stock será ajustado. La Compañía se infiere automáticamente de este almacén.,
Warranty,Garantía,
Warranty End Date,Fecha final de garantía,
Warranty Expiration (Deprecated),Expiración de garantía (Deprecated),
Warranty Logs,Registros de garantía,
Warranty Modification ID,Modificación de garantía ID,
Warranty Start Date,Fecha de inicio de garantía,
"When enabled, min/max pixel radius is derived from the pad diameter and the detected marker scale.","Cuando está activado, el radio min/max pixel se deriva del diámetro de la almohadilla y la escala de marcado detectada.",
Whether this template is active and available for use.,Si esta plantilla está activa y disponible para su uso.,
Wood Type,Tipo de madera,
Wood/Body Condition,Estado de madera / cuerpo,
Work Order Number,Número de pedido de trabajo,
Work Photos,Trabajo Fotos,
Workflow State,Estados de flujos de trabajo,
"Workflow state: Pending Review → Approved (ready to post) or Needs Fix (retake photo, adjust settings, or reprocess).","Estado de flujo de trabajo: Revisión de pendiente → Aprobado (listo para publicar) o Necesidades Fijar (retomar foto, ajustar ajustes, o reproceso).",
Working,Trabajando,
Year of Manufacture,Año de fabricación,
lab-console,Lab-console,
param1 (Canny),param1 (Canny),
param2 (Accumulator),param2 (Acumulador),
technician_dashboard,técnico_dashboard,
